pokedex_id,name,especie,height,weight,nature
0001,Bulbasaur,Seed Pokemon,0.7 m (2'04"),6.9 kg (15.2 lbs)
0002,Ivysaur,Seed Pokemon,1.0 m (3'03"),13.0 kg (28.7 lbs)
0003,Venusaur,Seed Pokemon,2.0 m (6'07"),100.0 kg (220.5 lbs)
0003,Venusaur(Mega Venusaur),Seed Pokemon,2.0 m (6'07"),100.0 kg (220.5 lbs)
0004,Charmander,Lizard Pokemon,0.6 m (2'00"),8.5 kg (18.7 lbs)
0005,Charmeleon,Flame Pokemon,1.1 m (3'07"),19.0 kg (41.9 lbs)
0006,Charizard,Flame Pokemon,1.7 m (5'07"),90.5 kg (199.5 lbs)
0006,Charizard(Mega Charizard X),Flame Pokemon,1.7 m (5'07"),90.5 kg (199.5 lbs)
0006,Charizard(Mega Charizard Y),Flame Pokemon,1.7 m (5'07"),90.5 kg (199.5 lbs)
0007,Squirtle,Tiny Turtle Pokemon,0.5 m (1'08"),9.0 kg (19.8 lbs)
0008,Wartortle,Turtle Pokemon,1.0 m (3'03"),22.5 kg (49.6 lbs)
0009,Blastoise,Shellfish Pokemon,1.6 m (5'03"),85.5 kg (188.5 lbs)
0009,Blastoise(Mega Blastoise),Shellfish Pokemon,1.6 m (5'03"),85.5 kg (188.5 lbs)
0010,Caterpie,Worm Pokemon,0.3 m (1'00"),2.9 kg (6.4 lbs)
0011,Metapod,Cocoon Pokemon,0.7 m (2'04"),9.9 kg (21.8 lbs)
0012,Butterfree,Butterfly Pokemon,1.1 m (3'07"),32.0 kg (70.5 lbs)
0013,Weedle,Hairy Bug Pokemon,0.3 m (1'00"),3.2 kg (7.1 lbs)
0014,Kakuna,Cocoon Pokemon,0.6 m (2'00"),10.0 kg (22.0 lbs)
0015,Beedrill,Poison Bee Pokemon,1.0 m (3'03"),29.5 kg (65.0 lbs)
0015,Beedrill(Mega Beedrill),Poison Bee Pokemon,1.0 m (3'03"),29.5 kg (65.0 lbs)
0016,Pidgey,Tiny Bird Pokemon,0.3 m (1'00"),1.8 kg (4.0 lbs)
0017,Pidgeotto,Bird Pokemon,1.1 m (3'07"),30.0 kg (66.1 lbs)
0018,Pidgeot,Bird Pokemon,1.5 m (4'11"),39.5 kg (87.1 lbs)
0018,Pidgeot(Mega Pidgeot),Bird Pokemon,1.5 m (4'11"),39.5 kg (87.1 lbs)
0019,Rattata,Mouse Pokemon,0.3 m (1'00"),3.5 kg (7.7 lbs)
0019,Rattata(Alolan Rattata),Mouse Pokemon,0.3 m (1'00"),3.5 kg (7.7 lbs)
0020,Raticate,Mouse Pokemon,0.7 m (2'04"),18.5 kg (40.8 lbs)
0020,Raticate(Alolan Raticate),Mouse Pokemon,0.7 m (2'04"),18.5 kg (40.8 lbs)
0021,Spearow,Tiny Bird Pokemon,0.3 m (1'00"),2.0 kg (4.4 lbs)
0022,Fearow,Beak Pokemon,1.2 m (3'11"),38.0 kg (83.8 lbs)
0023,Ekans,Snake Pokemon,2.0 m (6'07"),6.9 kg (15.2 lbs)
0024,Arbok,Cobra Pokemon,3.5 m (11'06"),65.0 kg (143.3 lbs)
0025,Pikachu,Mouse Pokemon,0.4 m (1'04"),6.0 kg (13.2 lbs)
0025,Pikachu(Partner Pikachu),Mouse Pokemon,0.4 m (1'04"),6.0 kg (13.2 lbs)
0026,Raichu,Mouse Pokemon,0.8 m (2'07"),30.0 kg (66.1 lbs)
0026,Raichu(Alolan Raichu),Mouse Pokemon,0.8 m (2'07"),30.0 kg (66.1 lbs)
0027,Sandshrew,Mouse Pokemon,0.6 m (2'00"),12.0 kg (26.5 lbs)
0027,Sandshrew(Alolan Sandshrew),Mouse Pokemon,0.6 m (2'00"),12.0 kg (26.5 lbs)
0028,Sandslash,Mouse Pokemon,1.0 m (3'03"),29.5 kg (65.0 lbs)
0028,Sandslash(Alolan Sandslash),Mouse Pokemon,1.0 m (3'03"),29.5 kg (65.0 lbs)
0029,Nidoran♀,Poison Pin Pokemon,0.4 m (1'04"),7.0 kg (15.4 lbs)
0030,Nidorina,Poison Pin Pokemon,0.8 m (2'07"),20.0 kg (44.1 lbs)
0031,Nidoqueen,Drill Pokemon,1.3 m (4'03"),60.0 kg (132.3 lbs)
0032,Nidoran♂,Poison Pin Pokemon,0.5 m (1'08"),9.0 kg (19.8 lbs)
0033,Nidorino,Poison Pin Pokemon,0.9 m (2'11"),19.5 kg (43.0 lbs)
0034,Nidoking,Drill Pokemon,1.4 m (4'07"),62.0 kg (136.7 lbs)
0035,Clefairy,Fairy Pokemon,0.6 m (2'00"),7.5 kg (16.5 lbs)
0036,Clefable,Fairy Pokemon,1.3 m (4'03"),40.0 kg (88.2 lbs)
0037,Vulpix,Fox Pokemon,0.6 m (2'00"),9.9 kg (21.8 lbs)
0037,Vulpix(Alolan Vulpix),Fox Pokemon,0.6 m (2'00"),9.9 kg (21.8 lbs)
0038,Ninetales,Fox Pokemon,1.1 m (3'07"),19.9 kg (43.9 lbs)
0038,Ninetales(Alolan Ninetales),Fox Pokemon,1.1 m (3'07"),19.9 kg (43.9 lbs)
0039,Jigglypuff,Balloon Pokemon,0.5 m (1'08"),5.5 kg (12.1 lbs)
0040,Wigglytuff,Balloon Pokemon,1.0 m (3'03"),12.0 kg (26.5 lbs)
0041,Zubat,Bat Pokemon,0.8 m (2'07"),7.5 kg (16.5 lbs)
0042,Golbat,Bat Pokemon,1.6 m (5'03"),55.0 kg (121.3 lbs)
0043,Oddish,Weed Pokemon,0.5 m (1'08"),5.4 kg (11.9 lbs)
0044,Gloom,Weed Pokemon,0.8 m (2'07"),8.6 kg (19.0 lbs)
0045,Vileplume,Flower Pokemon,1.2 m (3'11"),18.6 kg (41.0 lbs)
0046,Paras,Mushroom Pokemon,0.3 m (1'00"),5.4 kg (11.9 lbs)
0047,Parasect,Mushroom Pokemon,1.0 m (3'03"),29.5 kg (65.0 lbs)
0048,Venonat,Insect Pokemon,1.0 m (3'03"),30.0 kg (66.1 lbs)
0049,Venomoth,Poison Moth Pokemon,1.5 m (4'11"),12.5 kg (27.6 lbs)
0050,Diglett,Mole Pokemon,0.2 m (0'08"),0.8 kg (1.8 lbs)
0050,Diglett(Alolan Diglett),Mole Pokemon,0.2 m (0'08"),0.8 kg (1.8 lbs)
0051,Dugtrio,Mole Pokemon,0.7 m (2'04"),33.3 kg (73.4 lbs)
0051,Dugtrio(Alolan Dugtrio),Mole Pokemon,0.7 m (2'04"),33.3 kg (73.4 lbs)
0052,Meowth,Scratch Cat Pokemon,0.4 m (1'04"),4.2 kg (9.3 lbs)
0052,Meowth(Alolan Meowth),Scratch Cat Pokemon,0.4 m (1'04"),4.2 kg (9.3 lbs)
0052,Meowth(Galarian Meowth),Scratch Cat Pokemon,0.4 m (1'04"),4.2 kg (9.3 lbs)
0053,Persian,Classy Cat Pokemon,1.0 m (3'03"),32.0 kg (70.5 lbs)
0053,Persian(Alolan Persian),Classy Cat Pokemon,1.0 m (3'03"),32.0 kg (70.5 lbs)
0054,Psyduck,Duck Pokemon,0.8 m (2'07"),19.6 kg (43.2 lbs)
0055,Golduck,Duck Pokemon,1.7 m (5'07"),76.6 kg (168.9 lbs)
0056,Mankey,Pig Monkey Pokemon,0.5 m (1'08"),28.0 kg (61.7 lbs)
0057,Primeape,Pig Monkey Pokemon,1.0 m (3'03"),32.0 kg (70.5 lbs)
0058,Growlithe,Puppy Pokemon,0.7 m (2'04"),19.0 kg (41.9 lbs)
0058,Growlithe(Hisuian Growlithe),Puppy Pokemon,0.7 m (2'04"),19.0 kg (41.9 lbs)
0059,Arcanine,Legendary Pokemon,1.9 m (6'03"),155.0 kg (341.7 lbs)
0059,Arcanine(Hisuian Arcanine),Legendary Pokemon,1.9 m (6'03"),155.0 kg (341.7 lbs)
0060,Poliwag,Tadpole Pokemon,0.6 m (2'00"),12.4 kg (27.3 lbs)
0061,Poliwhirl,Tadpole Pokemon,1.0 m (3'03"),20.0 kg (44.1 lbs)
0062,Poliwrath,Tadpole Pokemon,1.3 m (4'03"),54.0 kg (119.0 lbs)
0063,Abra,Psi Pokemon,0.9 m (2'11"),19.5 kg (43.0 lbs)
0064,Kadabra,Psi Pokemon,1.3 m (4'03"),56.5 kg (124.6 lbs)
0065,Alakazam,Psi Pokemon,1.5 m (4'11"),48.0 kg (105.8 lbs)
0065,Alakazam(Mega Alakazam),Psi Pokemon,1.5 m (4'11"),48.0 kg (105.8 lbs)
0066,Machop,Superpower Pokemon,0.8 m (2'07"),19.5 kg (43.0 lbs)
0067,Machoke,Superpower Pokemon,1.5 m (4'11"),70.5 kg (155.4 lbs)
0068,Machamp,Superpower Pokemon,1.6 m (5'03"),130.0 kg (286.6 lbs)
0069,Bellsprout,Flower Pokemon,0.7 m (2'04"),4.0 kg (8.8 lbs)
0070,Weepinbell,Flycatcher Pokemon,1.0 m (3'03"),6.4 kg (14.1 lbs)
0071,Victreebel,Flycatcher Pokemon,1.7 m (5'07"),15.5 kg (34.2 lbs)
0072,Tentacool,Jellyfish Pokemon,0.9 m (2'11"),45.5 kg (100.3 lbs)
0073,Tentacruel,Jellyfish Pokemon,1.6 m (5'03"),55.0 kg (121.3 lbs)
0074,Geodude,Rock Pokemon,0.4 m (1'04"),20.0 kg (44.1 lbs)
0074,Geodude(Alolan Geodude),Rock Pokemon,0.4 m (1'04"),20.0 kg (44.1 lbs)
0075,Graveler,Rock Pokemon,1.0 m (3'03"),105.0 kg (231.5 lbs)
0075,Graveler(Alolan Graveler),Rock Pokemon,1.0 m (3'03"),105.0 kg (231.5 lbs)
0076,Golem,Megaton Pokemon,1.4 m (4'07"),300.0 kg (661.4 lbs)
0076,Golem(Alolan Golem),Megaton Pokemon,1.4 m (4'07"),300.0 kg (661.4 lbs)
0077,Ponyta,Fire Horse Pokemon,1.0 m (3'03"),30.0 kg (66.1 lbs)
0077,Ponyta(Galarian Ponyta),Fire Horse Pokemon,1.0 m (3'03"),30.0 kg (66.1 lbs)
0078,Rapidash,Fire Horse Pokemon,1.7 m (5'07"),95.0 kg (209.4 lbs)
0078,Rapidash(Galarian Rapidash),Fire Horse Pokemon,1.7 m (5'07"),95.0 kg (209.4 lbs)
0079,Slowpoke,Dopey Pokemon,1.2 m (3'11"),36.0 kg (79.4 lbs)
0079,Slowpoke(Galarian Slowpoke),Dopey Pokemon,1.2 m (3'11"),36.0 kg (79.4 lbs)
0080,Slowbro,Hermit Crab Pokemon,1.6 m (5'03"),78.5 kg (173.1 lbs)
0080,Slowbro(Mega Slowbro),Hermit Crab Pokemon,1.6 m (5'03"),78.5 kg (173.1 lbs)
0080,Slowbro(Galarian Slowbro),Hermit Crab Pokemon,1.6 m (5'03"),78.5 kg (173.1 lbs)
0081,Magnemite,Magnet Pokemon,0.3 m (1'00"),6.0 kg (13.2 lbs)
0082,Magneton,Magnet Pokemon,1.0 m (3'03"),60.0 kg (132.3 lbs)
0083,Farfetch'd,Wild Duck Pokemon,0.8 m (2'07"),15.0 kg (33.1 lbs)
0083,Farfetch'd(Galarian Farfetch'd),Wild Duck Pokemon,0.8 m (2'07"),15.0 kg (33.1 lbs)
0084,Doduo,Twin Bird Pokemon,1.4 m (4'07"),39.2 kg (86.4 lbs)
0085,Dodrio,Triple Bird Pokemon,1.8 m (5'11"),85.2 kg (187.8 lbs)
0086,Seel,Sea Lion Pokemon,1.1 m (3'07"),90.0 kg (198.4 lbs)
0087,Dewgong,Sea Lion Pokemon,1.7 m (5'07"),120.0 kg (264.6 lbs)
0088,Grimer,Sludge Pokemon,0.9 m (2'11"),30.0 kg (66.1 lbs)
0088,Grimer(Alolan Grimer),Sludge Pokemon,0.9 m (2'11"),30.0 kg (66.1 lbs)
0089,Muk,Sludge Pokemon,1.2 m (3'11"),30.0 kg (66.1 lbs)
0089,Muk(Alolan Muk),Sludge Pokemon,1.2 m (3'11"),30.0 kg (66.1 lbs)
0090,Shellder,Bivalve Pokemon,0.3 m (1'00"),4.0 kg (8.8 lbs)
0091,Cloyster,Bivalve Pokemon,1.5 m (4'11"),132.5 kg (292.1 lbs)
0092,Gastly,Gas Pokemon,1.3 m (4'03"),0.1 kg (0.2 lbs)
0093,Haunter,Gas Pokemon,1.6 m (5'03"),0.1 kg (0.2 lbs)
0094,Gengar,Shadow Pokemon,1.5 m (4'11"),40.5 kg (89.3 lbs)
0094,Gengar(Mega Gengar),Shadow Pokemon,1.5 m (4'11"),40.5 kg (89.3 lbs)
0095,Onix,Rock Snake Pokemon,8.8 m (28'10"),210.0 kg (463.0 lbs)
0096,Drowzee,Hypnosis Pokemon,1.0 m (3'03"),32.4 kg (71.4 lbs)
0097,Hypno,Hypnosis Pokemon,1.6 m (5'03"),75.6 kg (166.7 lbs)
0098,Krabby,River Crab Pokemon,0.4 m (1'04"),6.5 kg (14.3 lbs)
0099,Kingler,Pincer Pokemon,1.3 m (4'03"),60.0 kg (132.3 lbs)
0100,Voltorb,Ball Pokemon,0.5 m (1'08"),10.4 kg (22.9 lbs)
0100,Voltorb(Hisuian Voltorb),Ball Pokemon,0.5 m (1'08"),10.4 kg (22.9 lbs)
0101,Electrode,Ball Pokemon,1.2 m (3'11"),66.6 kg (146.8 lbs)
0101,Electrode(Hisuian Electrode),Ball Pokemon,1.2 m (3'11"),66.6 kg (146.8 lbs)
0102,Exeggcute,Egg Pokemon,0.4 m (1'04"),2.5 kg (5.5 lbs)
0103,Exeggutor,Coconut Pokemon,2.0 m (6'07"),120.0 kg (264.6 lbs)
0103,Exeggutor(Alolan Exeggutor),Coconut Pokemon,2.0 m (6'07"),120.0 kg (264.6 lbs)
0104,Cubone,Lonely Pokemon,0.4 m (1'04"),6.5 kg (14.3 lbs)
0105,Marowak,Bone Keeper Pokemon,1.0 m (3'03"),45.0 kg (99.2 lbs)
0105,Marowak(Alolan Marowak),Bone Keeper Pokemon,1.0 m (3'03"),45.0 kg (99.2 lbs)
0106,Hitmonlee,Kicking Pokemon,1.5 m (4'11"),49.8 kg (109.8 lbs)
0107,Hitmonchan,Punching Pokemon,1.4 m (4'07"),50.2 kg (110.7 lbs)
0108,Lickitung,Licking Pokemon,1.2 m (3'11"),65.5 kg (144.4 lbs)
0109,Koffing,Poison Gas Pokemon,0.6 m (2'00"),1.0 kg (2.2 lbs)
0110,Weezing,Poison Gas Pokemon,1.2 m (3'11"),9.5 kg (20.9 lbs)
0110,Weezing(Galarian Weezing),Poison Gas Pokemon,1.2 m (3'11"),9.5 kg (20.9 lbs)
0111,Rhyhorn,Spikes Pokemon,1.0 m (3'03"),115.0 kg (253.5 lbs)
0112,Rhydon,Drill Pokemon,1.9 m (6'03"),120.0 kg (264.6 lbs)
0113,Chansey,Egg Pokemon,1.1 m (3'07"),34.6 kg (76.3 lbs)
0114,Tangela,Vine Pokemon,1.0 m (3'03"),35.0 kg (77.2 lbs)
0115,Kangaskhan,Parent Pokemon,2.2 m (7'03"),80.0 kg (176.4 lbs)
0115,Kangaskhan(Mega Kangaskhan),Parent Pokemon,2.2 m (7'03"),80.0 kg (176.4 lbs)
0116,Horsea,Dragon Pokemon,0.4 m (1'04"),8.0 kg (17.6 lbs)
0117,Seadra,Dragon Pokemon,1.2 m (3'11"),25.0 kg (55.1 lbs)
0118,Goldeen,Goldfish Pokemon,0.6 m (2'00"),15.0 kg (33.1 lbs)
0119,Seaking,Goldfish Pokemon,1.3 m (4'03"),39.0 kg (86.0 lbs)
0120,Staryu,Star Shape Pokemon,0.8 m (2'07"),34.5 kg (76.1 lbs)
0121,Starmie,Mysterious Pokemon,1.1 m (3'07"),80.0 kg (176.4 lbs)
0122,Mr. Mime,Barrier Pokemon,1.3 m (4'03"),54.5 kg (120.2 lbs)
0122,Mr. Mime(Galarian Mr. Mime),Barrier Pokemon,1.3 m (4'03"),54.5 kg (120.2 lbs)
0123,Scyther,Mantis Pokemon,1.5 m (4'11"),56.0 kg (123.5 lbs)
0124,Jynx,Human Shape Pokemon,1.4 m (4'07"),40.6 kg (89.5 lbs)
0125,Electabuzz,Electric Pokemon,1.1 m (3'07"),30.0 kg (66.1 lbs)
0126,Magmar,Spitfire Pokemon,1.3 m (4'03"),44.5 kg (98.1 lbs)
0127,Pinsir,Stag Beetle Pokemon,1.5 m (4'11"),55.0 kg (121.3 lbs)
0127,Pinsir(Mega Pinsir),Stag Beetle Pokemon,1.5 m (4'11"),55.0 kg (121.3 lbs)
0128,Tauros,Wild Bull Pokemon,1.4 m (4'07"),88.4 kg (194.9 lbs)
0128,Tauros(Combat Breed),Wild Bull Pokemon,1.4 m (4'07"),88.4 kg (194.9 lbs)
0128,Tauros(Blaze Breed),Wild Bull Pokemon,1.4 m (4'07"),88.4 kg (194.9 lbs)
0128,Tauros(Aqua Breed),Wild Bull Pokemon,1.4 m (4'07"),88.4 kg (194.9 lbs)
0129,Magikarp,Fish Pokemon,0.9 m (2'11"),10.0 kg (22.0 lbs)
0130,Gyarados,Atrocious Pokemon,6.5 m (21'04"),235.0 kg (518.1 lbs)
0130,Gyarados(Mega Gyarados),Atrocious Pokemon,6.5 m (21'04"),235.0 kg (518.1 lbs)
0131,Lapras,Transport Pokemon,2.5 m (8'02"),220.0 kg (485.0 lbs)
0132,Ditto,Transform Pokemon,0.3 m (1'00"),4.0 kg (8.8 lbs)
0133,Eevee,Evolution Pokemon,0.3 m (1'00"),6.5 kg (14.3 lbs)
0133,Eevee(Partner Eevee),Evolution Pokemon,0.3 m (1'00"),6.5 kg (14.3 lbs)
0134,Vaporeon,Bubble Jet Pokemon,1.0 m (3'03"),29.0 kg (63.9 lbs)
0135,Jolteon,Lightning Pokemon,0.8 m (2'07"),24.5 kg (54.0 lbs)
0136,Flareon,Flame Pokemon,0.9 m (2'11"),25.0 kg (55.1 lbs)
0137,Porygon,Virtual Pokemon,0.8 m (2'07"),36.5 kg (80.5 lbs)
0138,Omanyte,Spiral Pokemon,0.4 m (1'04"),7.5 kg (16.5 lbs)
0139,Omastar,Spiral Pokemon,1.0 m (3'03"),35.0 kg (77.2 lbs)
0140,Kabuto,Shellfish Pokemon,0.5 m (1'08"),11.5 kg (25.4 lbs)
0141,Kabutops,Shellfish Pokemon,1.3 m (4'03"),40.5 kg (89.3 lbs)
0142,Aerodactyl,Fossil Pokemon,1.8 m (5'11"),59.0 kg (130.1 lbs)
0142,Aerodactyl(Mega Aerodactyl),Fossil Pokemon,1.8 m (5'11"),59.0 kg (130.1 lbs)
0143,Snorlax,Sleeping Pokemon,2.1 m (6'11"),460.0 kg (1014.1 lbs)
0144,Articuno,Freeze Pokemon,1.7 m (5'07"),55.4 kg (122.1 lbs)
0144,Articuno(Galarian Articuno),Freeze Pokemon,1.7 m (5'07"),55.4 kg (122.1 lbs)
0145,Zapdos,Electric Pokemon,1.6 m (5'03"),52.6 kg (116.0 lbs)
0145,Zapdos(Galarian Zapdos),Electric Pokemon,1.6 m (5'03"),52.6 kg (116.0 lbs)
0146,Moltres,Flame Pokemon,2.0 m (6'07"),60.0 kg (132.3 lbs)
0146,Moltres(Galarian Moltres),Flame Pokemon,2.0 m (6'07"),60.0 kg (132.3 lbs)
0147,Dratini,Dragon Pokemon,1.8 m (5'11"),3.3 kg (7.3 lbs)
0148,Dragonair,Dragon Pokemon,4.0 m (13'01"),16.5 kg (36.4 lbs)
0149,Dragonite,Dragon Pokemon,2.2 m (7'03"),210.0 kg (463.0 lbs)
0150,Mewtwo,Genetic Pokemon,2.0 m (6'07"),122.0 kg (269.0 lbs)
0150,Mewtwo(Mega Mewtwo X),Genetic Pokemon,2.0 m (6'07"),122.0 kg (269.0 lbs)
0150,Mewtwo(Mega Mewtwo Y),Genetic Pokemon,2.0 m (6'07"),122.0 kg (269.0 lbs)
0151,Mew,New Species Pokemon,0.4 m (1'04"),4.0 kg (8.8 lbs)
0152,Chikorita,Leaf Pokemon,0.9 m (2'11"),6.4 kg (14.1 lbs)
0153,Bayleef,Leaf Pokemon,1.2 m (3'11"),15.8 kg (34.8 lbs)
0154,Meganium,Herb Pokemon,1.8 m (5'11"),100.5 kg (221.6 lbs)
0155,Cyndaquil,Fire Mouse Pokemon,0.5 m (1'08"),7.9 kg (17.4 lbs)
0156,Quilava,Volcano Pokemon,0.9 m (2'11"),19.0 kg (41.9 lbs)
0157,Typhlosion,Volcano Pokemon,1.7 m (5'07"),79.5 kg (175.3 lbs)
0157,Typhlosion(Hisuian Typhlosion),Volcano Pokemon,1.7 m (5'07"),79.5 kg (175.3 lbs)
0158,Totodile,Big Jaw Pokemon,0.6 m (2'00"),9.5 kg (20.9 lbs)
0159,Croconaw,Big Jaw Pokemon,1.1 m (3'07"),25.0 kg (55.1 lbs)
0160,Feraligatr,Big Jaw Pokemon,2.3 m (7'07"),88.8 kg (195.8 lbs)
0161,Sentret,Scout Pokemon,0.8 m (2'07"),6.0 kg (13.2 lbs)
0162,Furret,Long Body Pokemon,1.8 m (5'11"),32.5 kg (71.7 lbs)
0163,Hoothoot,Owl Pokemon,0.7 m (2'04"),21.2 kg (46.7 lbs)
0164,Noctowl,Owl Pokemon,1.6 m (5'03"),40.8 kg (89.9 lbs)
0165,Ledyba,Five Star Pokemon,1.0 m (3'03"),10.8 kg (23.8 lbs)
0166,Ledian,Five Star Pokemon,1.4 m (4'07"),35.6 kg (78.5 lbs)
0167,Spinarak,String Spit Pokemon,0.5 m (1'08"),8.5 kg (18.7 lbs)
0168,Ariados,Long Leg Pokemon,1.1 m (3'07"),33.5 kg (73.9 lbs)
0169,Crobat,Bat Pokemon,1.8 m (5'11"),75.0 kg (165.3 lbs)
0170,Chinchou,Angler Pokemon,0.5 m (1'08"),12.0 kg (26.5 lbs)
0171,Lanturn,Light Pokemon,1.2 m (3'11"),22.5 kg (49.6 lbs)
0172,Pichu,Tiny Mouse Pokemon,0.3 m (1'00"),2.0 kg (4.4 lbs)
0173,Cleffa,Star Shape Pokemon,0.3 m (1'00"),3.0 kg (6.6 lbs)
0174,Igglybuff,Balloon Pokemon,0.3 m (1'00"),1.0 kg (2.2 lbs)
0175,Togepi,Spike Ball Pokemon,0.3 m (1'00"),1.5 kg (3.3 lbs)
0176,Togetic,Happiness Pokemon,0.6 m (2'00"),3.2 kg (7.1 lbs)
0177,Natu,Tiny Bird Pokemon,0.2 m (0'08"),2.0 kg (4.4 lbs)
0178,Xatu,Mystic Pokemon,1.5 m (4'11"),15.0 kg (33.1 lbs)
0179,Mareep,Wool Pokemon,0.6 m (2'00"),7.8 kg (17.2 lbs)
0180,Flaaffy,Wool Pokemon,0.8 m (2'07"),13.3 kg (29.3 lbs)
0181,Ampharos,Light Pokemon,1.4 m (4'07"),61.5 kg (135.6 lbs)
0181,Ampharos(Mega Ampharos),Light Pokemon,1.4 m (4'07"),61.5 kg (135.6 lbs)
0182,Bellossom,Flower Pokemon,0.4 m (1'04"),5.8 kg (12.8 lbs)
0183,Marill,Aqua Mouse Pokemon,0.4 m (1'04"),8.5 kg (18.7 lbs)
0184,Azumarill,Aqua Rabbit Pokemon,0.8 m (2'07"),28.5 kg (62.8 lbs)
0185,Sudowoodo,Imitation Pokemon,1.2 m (3'11"),38.0 kg (83.8 lbs)
0186,Politoed,Frog Pokemon,1.1 m (3'07"),33.9 kg (74.7 lbs)
0187,Hoppip,Cottonweed Pokemon,0.4 m (1'04"),0.5 kg (1.1 lbs)
0188,Skiploom,Cottonweed Pokemon,0.6 m (2'00"),1.0 kg (2.2 lbs)
0189,Jumpluff,Cottonweed Pokemon,0.8 m (2'07"),3.0 kg (6.6 lbs)
0190,Aipom,Long Tail Pokemon,0.8 m (2'07"),11.5 kg (25.4 lbs)
0191,Sunkern,Seed Pokemon,0.3 m (1'00"),1.8 kg (4.0 lbs)
0192,Sunflora,Sun Pokemon,0.8 m (2'07"),8.5 kg (18.7 lbs)
0193,Yanma,Clear Wing Pokemon,1.2 m (3'11"),38.0 kg (83.8 lbs)
0194,Wooper,Water Fish Pokemon,0.4 m (1'04"),8.5 kg (18.7 lbs)
0194,Wooper(Paldean Wooper),Water Fish Pokemon,0.4 m (1'04"),8.5 kg (18.7 lbs)
0195,Quagsire,Water Fish Pokemon,1.4 m (4'07"),75.0 kg (165.3 lbs)
0196,Espeon,Sun Pokemon,0.9 m (2'11"),26.5 kg (58.4 lbs)
0197,Umbreon,Moonlight Pokemon,1.0 m (3'03"),27.0 kg (59.5 lbs)
0198,Murkrow,Darkness Pokemon,0.5 m (1'08"),2.1 kg (4.6 lbs)
0199,Slowking,Royal Pokemon,2.0 m (6'07"),79.5 kg (175.3 lbs)
0199,Slowking(Galarian Slowking),Royal Pokemon,2.0 m (6'07"),79.5 kg (175.3 lbs)
0200,Misdreavus,Screech Pokemon,0.7 m (2'04"),1.0 kg (2.2 lbs)
0201,Unown,Symbol Pokemon,0.5 m (1'08"),5.0 kg (11.0 lbs)
0202,Wobbuffet,Patient Pokemon,1.3 m (4'03"),28.5 kg (62.8 lbs)
0203,Girafarig,Long Neck Pokemon,1.5 m (4'11"),41.5 kg (91.5 lbs)
0204,Pineco,Bagworm Pokemon,0.6 m (2'00"),7.2 kg (15.9 lbs)
0205,Forretress,Bagworm Pokemon,1.2 m (3'11"),125.8 kg (277.3 lbs)
0206,Dunsparce,Land Snake Pokemon,1.5 m (4'11"),14.0 kg (30.9 lbs)
0207,Gligar,FlyScorpion Pokemon,1.1 m (3'07"),64.8 kg (142.9 lbs)
0208,Steelix,Iron Snake Pokemon,9.2 m (30'02"),400.0 kg (881.8 lbs)
0208,Steelix(Mega Steelix),Iron Snake Pokemon,9.2 m (30'02"),400.0 kg (881.8 lbs)
0209,Snubbull,Fairy Pokemon,0.6 m (2'00"),7.8 kg (17.2 lbs)
0210,Granbull,Fairy Pokemon,1.4 m (4'07"),48.7 kg (107.4 lbs)
0211,Qwilfish,Balloon Pokemon,0.5 m (1'08"),3.9 kg (8.6 lbs)
0211,Qwilfish(Hisuian Qwilfish),Balloon Pokemon,0.5 m (1'08"),3.9 kg (8.6 lbs)
0212,Scizor,Pincer Pokemon,1.8 m (5'11"),118.0 kg (260.1 lbs)
0212,Scizor(Mega Scizor),Pincer Pokemon,1.8 m (5'11"),118.0 kg (260.1 lbs)
0213,Shuckle,Mold Pokemon,0.6 m (2'00"),20.5 kg (45.2 lbs)
0214,Heracross,Single Horn Pokemon,1.5 m (4'11"),54.0 kg (119.0 lbs)
0214,Heracross(Mega Heracross),Single Horn Pokemon,1.5 m (4'11"),54.0 kg (119.0 lbs)
0215,Sneasel,Sharp Claw Pokemon,0.9 m (2'11"),28.0 kg (61.7 lbs)
0215,Sneasel(Hisuian Sneasel),Sharp Claw Pokemon,0.9 m (2'11"),28.0 kg (61.7 lbs)
0216,Teddiursa,Little Bear Pokemon,0.6 m (2'00"),8.8 kg (19.4 lbs)
0217,Ursaring,Hibernator Pokemon,1.8 m (5'11"),125.8 kg (277.3 lbs)
0218,Slugma,Lava Pokemon,0.7 m (2'04"),35.0 kg (77.2 lbs)
0219,Magcargo,Lava Pokemon,0.8 m (2'07"),55.0 kg (121.3 lbs)
0220,Swinub,Pig Pokemon,0.4 m (1'04"),6.5 kg (14.3 lbs)
0221,Piloswine,Swine Pokemon,1.1 m (3'07"),55.8 kg (123.0 lbs)
0222,Corsola,Coral Pokemon,0.6 m (2'00"),5.0 kg (11.0 lbs)
0222,Corsola(Galarian Corsola),Coral Pokemon,0.6 m (2'00"),5.0 kg (11.0 lbs)
0223,Remoraid,Jet Pokemon,0.6 m (2'00"),12.0 kg (26.5 lbs)
0224,Octillery,Jet Pokemon,0.9 m (2'11"),28.5 kg (62.8 lbs)
0225,Delibird,Delivery Pokemon,0.9 m (2'11"),16.0 kg (35.3 lbs)
0226,Mantine,Kite Pokemon,2.1 m (6'11"),220.0 kg (485.0 lbs)
0227,Skarmory,Armor Bird Pokemon,1.7 m (5'07"),50.5 kg (111.3 lbs)
0228,Houndour,Dark Pokemon,0.6 m (2'00"),10.8 kg (23.8 lbs)
0229,Houndoom,Dark Pokemon,1.4 m (4'07"),35.0 kg (77.2 lbs)
0229,Houndoom(Mega Houndoom),Dark Pokemon,1.4 m (4'07"),35.0 kg (77.2 lbs)
0230,Kingdra,Dragon Pokemon,1.8 m (5'11"),152.0 kg (335.1 lbs)
0231,Phanpy,Long Nose Pokemon,0.5 m (1'08"),33.5 kg (73.9 lbs)
0232,Donphan,Armor Pokemon,1.1 m (3'07"),120.0 kg (264.6 lbs)
0233,Porygon2,Virtual Pokemon,0.6 m (2'00"),32.5 kg (71.7 lbs)
0234,Stantler,Big Horn Pokemon,1.4 m (4'07"),71.2 kg (157.0 lbs)
0235,Smeargle,Painter Pokemon,1.2 m (3'11"),58.0 kg (127.9 lbs)
0236,Tyrogue,Scuffle Pokemon,0.7 m (2'04"),21.0 kg (46.3 lbs)
0237,Hitmontop,Handstand Pokemon,1.4 m (4'07"),48.0 kg (105.8 lbs)
0238,Smoochum,Kiss Pokemon,0.4 m (1'04"),6.0 kg (13.2 lbs)
0239,Elekid,Electric Pokemon,0.6 m (2'00"),23.5 kg (51.8 lbs)
0240,Magby,Live Coal Pokemon,0.7 m (2'04"),21.4 kg (47.2 lbs)
0241,Miltank,Milk Cow Pokemon,1.2 m (3'11"),75.5 kg (166.4 lbs)
0242,Blissey,Happiness Pokemon,1.5 m (4'11"),46.8 kg (103.2 lbs)
0243,Raikou,Thunder Pokemon,1.9 m (6'03"),178.0 kg (392.4 lbs)
0244,Entei,Volcano Pokemon,2.1 m (6'11"),198.0 kg (436.5 lbs)
0245,Suicune,Aurora Pokemon,2.0 m (6'07"),187.0 kg (412.3 lbs)
0246,Larvitar,Rock Skin Pokemon,0.6 m (2'00"),72.0 kg (158.7 lbs)
0247,Pupitar,Hard Shell Pokemon,1.2 m (3'11"),152.0 kg (335.1 lbs)
0248,Tyranitar,Armor Pokemon,2.0 m (6'07"),202.0 kg (445.3 lbs)
0248,Tyranitar(Mega Tyranitar),Armor Pokemon,2.0 m (6'07"),202.0 kg (445.3 lbs)
0249,Lugia,Diving Pokemon,5.2 m (17'01"),216.0 kg (476.2 lbs)
0250,Ho-oh,Rainbow Pokemon,3.8 m (12'06"),199.0 kg (438.7 lbs)
0251,Celebi,Time Travel Pokemon,0.6 m (2'00"),5.0 kg (11.0 lbs)
0252,Treecko,Wood Gecko Pokemon,0.5 m (1'08"),5.0 kg (11.0 lbs)
0253,Grovyle,Wood Gecko Pokemon,0.9 m (2'11"),21.6 kg (47.6 lbs)
0254,Sceptile,Forest Pokemon,1.7 m (5'07"),52.2 kg (115.1 lbs)
0254,Sceptile(Mega Sceptile),Forest Pokemon,1.7 m (5'07"),52.2 kg (115.1 lbs)
0255,Torchic,Chick Pokemon,0.4 m (1'04"),2.5 kg (5.5 lbs)
0256,Combusken,Young Fowl Pokemon,0.9 m (2'11"),19.5 kg (43.0 lbs)
0257,Blaziken,Blaze Pokemon,1.9 m (6'03"),52.0 kg (114.6 lbs)
0257,Blaziken(Mega Blaziken),Blaze Pokemon,1.9 m (6'03"),52.0 kg (114.6 lbs)
0258,Mudkip,Mud Fish Pokemon,0.4 m (1'04"),7.6 kg (16.8 lbs)
0259,Marshtomp,Mud Fish Pokemon,0.7 m (2'04"),28.0 kg (61.7 lbs)
0260,Swampert,Mud Fish Pokemon,1.5 m (4'11"),81.9 kg (180.6 lbs)
0260,Swampert(Mega Swampert),Mud Fish Pokemon,1.5 m (4'11"),81.9 kg (180.6 lbs)
0261,Poochyena,Bite Pokemon,0.5 m (1'08"),13.6 kg (30.0 lbs)
0262,Mightyena,Bite Pokemon,1.0 m (3'03"),37.0 kg (81.6 lbs)
0263,Zigzagoon,TinyRaccoon Pokemon,0.4 m (1'04"),17.5 kg (38.6 lbs)
0263,Zigzagoon(Galarian Zigzagoon),TinyRaccoon Pokemon,0.4 m (1'04"),17.5 kg (38.6 lbs)
0264,Linoone,Rushing Pokemon,0.5 m (1'08"),32.5 kg (71.7 lbs)
0264,Linoone(Galarian Linoone),Rushing Pokemon,0.5 m (1'08"),32.5 kg (71.7 lbs)
0265,Wurmple,Worm Pokemon,0.3 m (1'00"),3.6 kg (7.9 lbs)
0266,Silcoon,Cocoon Pokemon,0.6 m (2'00"),10.0 kg (22.0 lbs)
0267,Beautifly,Butterfly Pokemon,1.0 m (3'03"),28.4 kg (62.6 lbs)
0268,Cascoon,Cocoon Pokemon,0.7 m (2'04"),11.5 kg (25.4 lbs)
0269,Dustox,Poison Moth Pokemon,1.2 m (3'11"),31.6 kg (69.7 lbs)
0270,Lotad,Water Weed Pokemon,0.5 m (1'08"),2.6 kg (5.7 lbs)
0271,Lombre,Jolly Pokemon,1.2 m (3'11"),32.5 kg (71.7 lbs)
0272,Ludicolo,Carefree Pokemon,1.5 m (4'11"),55.0 kg (121.3 lbs)
0273,Seedot,Acorn Pokemon,0.5 m (1'08"),4.0 kg (8.8 lbs)
0274,Nuzleaf,Wily Pokemon,1.0 m (3'03"),28.0 kg (61.7 lbs)
0275,Shiftry,Wicked Pokemon,1.3 m (4'03"),59.6 kg (131.4 lbs)
0276,Taillow,TinySwallow Pokemon,0.3 m (1'00"),2.3 kg (5.1 lbs)
0277,Swellow,Swallow Pokemon,0.7 m (2'04"),19.8 kg (43.7 lbs)
0278,Wingull,Seagull Pokemon,0.6 m (2'00"),9.5 kg (20.9 lbs)
0279,Pelipper,Water Bird Pokemon,1.2 m (3'11"),28.0 kg (61.7 lbs)
0280,Ralts,Feeling Pokemon,0.4 m (1'04"),6.6 kg (14.6 lbs)
0281,Kirlia,Emotion Pokemon,0.8 m (2'07"),20.2 kg (44.5 lbs)
0282,Gardevoir,Embrace Pokemon,1.6 m (5'03"),48.4 kg (106.7 lbs)
0282,Gardevoir(Mega Gardevoir),Embrace Pokemon,1.6 m (5'03"),48.4 kg (106.7 lbs)
0283,Surskit,Pond Skater Pokemon,0.5 m (1'08"),1.7 kg (3.7 lbs)
0284,Masquerain,Eyeball Pokemon,0.8 m (2'07"),3.6 kg (7.9 lbs)
0285,Shroomish,Mushroom Pokemon,0.4 m (1'04"),4.5 kg (9.9 lbs)
0286,Breloom,Mushroom Pokemon,1.2 m (3'11"),39.2 kg (86.4 lbs)
0287,Slakoth,Slacker Pokemon,0.8 m (2'07"),24.0 kg (52.9 lbs)
0288,Vigoroth,Wild Monkey Pokemon,1.4 m (4'07"),46.5 kg (102.5 lbs)
0289,Slaking,Lazy Pokemon,2.0 m (6'07"),130.5 kg (287.7 lbs)
0290,Nincada,Trainee Pokemon,0.5 m (1'08"),5.5 kg (12.1 lbs)
0291,Ninjask,Ninja Pokemon,0.8 m (2'07"),12.0 kg (26.5 lbs)
0292,Shedinja,Shed Pokemon,0.8 m (2'07"),1.2 kg (2.6 lbs)
0293,Whismur,Whisper Pokemon,0.6 m (2'00"),16.3 kg (35.9 lbs)
0294,Loudred,Big Voice Pokemon,1.0 m (3'03"),40.5 kg (89.3 lbs)
0295,Exploud,Loud Noise Pokemon,1.5 m (4'11"),84.0 kg (185.2 lbs)
0296,Makuhita,Guts Pokemon,1.0 m (3'03"),86.4 kg (190.5 lbs)
0297,Hariyama,Arm Thrust Pokemon,2.3 m (7'07"),253.8 kg (559.5 lbs)
0298,Azurill,Polka Dot Pokemon,0.2 m (0'08"),2.0 kg (4.4 lbs)
0299,Nosepass,Compass Pokemon,1.0 m (3'03"),97.0 kg (213.8 lbs)
0300,Skitty,Kitten Pokemon,0.6 m (2'00"),11.0 kg (24.3 lbs)
0301,Delcatty,Prim Pokemon,1.1 m (3'07"),32.6 kg (71.9 lbs)
0302,Sableye,Darkness Pokemon,0.5 m (1'08"),11.0 kg (24.3 lbs)
0302,Sableye(Mega Sableye),Darkness Pokemon,0.5 m (1'08"),11.0 kg (24.3 lbs)
0303,Mawile,Deceiver Pokemon,0.6 m (2'00"),11.5 kg (25.4 lbs)
0303,Mawile(Mega Mawile),Deceiver Pokemon,0.6 m (2'00"),11.5 kg (25.4 lbs)
0304,Aron,Iron Armor Pokemon,0.4 m (1'04"),60.0 kg (132.3 lbs)
0305,Lairon,Iron Armor Pokemon,0.9 m (2'11"),120.0 kg (264.6 lbs)
0306,Aggron,Iron Armor Pokemon,2.1 m (6'11"),360.0 kg (793.7 lbs)
0306,Aggron(Mega Aggron),Iron Armor Pokemon,2.1 m (6'11"),360.0 kg (793.7 lbs)
0307,Meditite,Meditate Pokemon,0.6 m (2'00"),11.2 kg (24.7 lbs)
0308,Medicham,Meditate Pokemon,1.3 m (4'03"),31.5 kg (69.4 lbs)
0308,Medicham(Mega Medicham),Meditate Pokemon,1.3 m (4'03"),31.5 kg (69.4 lbs)
0309,Electrike,Lightning Pokemon,0.6 m (2'00"),15.2 kg (33.5 lbs)
0310,Manectric,Discharge Pokemon,1.5 m (4'11"),40.2 kg (88.6 lbs)
0310,Manectric(Mega Manectric),Discharge Pokemon,1.5 m (4'11"),40.2 kg (88.6 lbs)
0311,Plusle,Cheering Pokemon,0.4 m (1'04"),4.2 kg (9.3 lbs)
0312,Minun,Cheering Pokemon,0.4 m (1'04"),4.2 kg (9.3 lbs)
0313,Volbeat,Firefly Pokemon,0.7 m (2'04"),17.7 kg (39.0 lbs)
0314,Illumise,Firefly Pokemon,0.6 m (2'00"),17.7 kg (39.0 lbs)
0315,Roselia,Thorn Pokemon,0.3 m (1'00"),2.0 kg (4.4 lbs)
0316,Gulpin,Stomach Pokemon,0.4 m (1'04"),10.3 kg (22.7 lbs)
0317,Swalot,Poison Bag Pokemon,1.7 m (5'07"),80.0 kg (176.4 lbs)
0318,Carvanha,Savage Pokemon,0.8 m (2'07"),20.8 kg (45.9 lbs)
0319,Sharpedo,Brutal Pokemon,1.8 m (5'11"),88.8 kg (195.8 lbs)
0319,Sharpedo(Mega Sharpedo),Brutal Pokemon,1.8 m (5'11"),88.8 kg (195.8 lbs)
0320,Wailmer,Ball Whale Pokemon,2.0 m (6'07"),130.0 kg (286.6 lbs)
0321,Wailord,Float Whale Pokemon,14.5 m (47'07"),398.0 kg (877.4 lbs)
0322,Numel,Numb Pokemon,0.7 m (2'04"),24.0 kg (52.9 lbs)
0323,Camerupt,Eruption Pokemon,1.9 m (6'03"),220.0 kg (485.0 lbs)
0323,Camerupt(Mega Camerupt),Eruption Pokemon,1.9 m (6'03"),220.0 kg (485.0 lbs)
0324,Torkoal,Coal Pokemon,0.5 m (1'08"),80.4 kg (177.3 lbs)
0325,Spoink,Bounce Pokemon,0.7 m (2'04"),30.6 kg (67.5 lbs)
0326,Grumpig,Manipulate Pokemon,0.9 m (2'11"),71.5 kg (157.6 lbs)
0327,Spinda,Spot Panda Pokemon,1.1 m (3'07"),5.0 kg (11.0 lbs)
0328,Trapinch,Ant Pit Pokemon,0.7 m (2'04"),15.0 kg (33.1 lbs)
0329,Vibrava,Vibration Pokemon,1.1 m (3'07"),15.3 kg (33.7 lbs)
0330,Flygon,Mystic Pokemon,2.0 m (6'07"),82.0 kg (180.8 lbs)
0331,Cacnea,Cactus Pokemon,0.4 m (1'04"),51.3 kg (113.1 lbs)
0332,Cacturne,Scarecrow Pokemon,1.3 m (4'03"),77.4 kg (170.6 lbs)
0333,Swablu,Cotton Bird Pokemon,0.4 m (1'04"),1.2 kg (2.6 lbs)
0334,Altaria,Humming Pokemon,1.1 m (3'07"),20.6 kg (45.4 lbs)
0334,Altaria(Mega Altaria),Humming Pokemon,1.1 m (3'07"),20.6 kg (45.4 lbs)
0335,Zangoose,Cat Ferret Pokemon,1.3 m (4'03"),40.3 kg (88.8 lbs)
0336,Seviper,Fang Snake Pokemon,2.7 m (8'10"),52.5 kg (115.7 lbs)
0337,Lunatone,Meteorite Pokemon,1.0 m (3'03"),168.0 kg (370.4 lbs)
0338,Solrock,Meteorite Pokemon,1.2 m (3'11"),154.0 kg (339.5 lbs)
0339,Barboach,Whiskers Pokemon,0.4 m (1'04"),1.9 kg (4.2 lbs)
0340,Whiscash,Whiskers Pokemon,0.9 m (2'11"),23.6 kg (52.0 lbs)
0341,Corphish,Ruffian Pokemon,0.6 m (2'00"),11.5 kg (25.4 lbs)
0342,Crawdaunt,Rogue Pokemon,1.1 m (3'07"),32.8 kg (72.3 lbs)
0343,Baltoy,Clay Doll Pokemon,0.5 m (1'08"),21.5 kg (47.4 lbs)
0344,Claydol,Clay Doll Pokemon,1.5 m (4'11"),108.0 kg (238.1 lbs)
0345,Lileep,Sea Lily Pokemon,1.0 m (3'03"),23.8 kg (52.5 lbs)
0346,Cradily,Barnacle Pokemon,1.5 m (4'11"),60.4 kg (133.2 lbs)
0347,Anorith,Old Shrimp Pokemon,0.7 m (2'04"),12.5 kg (27.6 lbs)
0348,Armaldo,Plate Pokemon,1.5 m (4'11"),68.2 kg (150.4 lbs)
0349,Feebas,Fish Pokemon,0.6 m (2'00"),7.4 kg (16.3 lbs)
0350,Milotic,Tender Pokemon,6.2 m (20'04"),162.0 kg (357.1 lbs)
0351,Castform,Weather Pokemon,0.3 m (1'00"),0.8 kg (1.8 lbs)
0351,Castform(Sunny Form),Weather Pokemon,0.3 m (1'00"),0.8 kg (1.8 lbs)
0351,Castform(Rainy Form),Weather Pokemon,0.3 m (1'00"),0.8 kg (1.8 lbs)
0351,Castform(Snowy Form),Weather Pokemon,0.3 m (1'00"),0.8 kg (1.8 lbs)
0352,Kecleon,Color Swap Pokemon,1.0 m (3'03"),22.0 kg (48.5 lbs)
0353,Shuppet,Puppet Pokemon,0.6 m (2'00"),2.3 kg (5.1 lbs)
0354,Banette,Marionette Pokemon,1.1 m (3'07"),12.5 kg (27.6 lbs)
0354,Banette(Mega Banette),Marionette Pokemon,1.1 m (3'07"),12.5 kg (27.6 lbs)
0355,Duskull,Requiem Pokemon,0.8 m (2'07"),15.0 kg (33.1 lbs)
0356,Dusclops,Beckon Pokemon,1.6 m (5'03"),30.6 kg (67.5 lbs)
0357,Tropius,Fruit Pokemon,2.0 m (6'07"),100.0 kg (220.5 lbs)
0358,Chimecho,Wind Chime Pokemon,0.6 m (2'00"),1.0 kg (2.2 lbs)
0359,Absol,Disaster Pokemon,1.2 m (3'11"),47.0 kg (103.6 lbs)
0359,Absol(Mega Absol),Disaster Pokemon,1.2 m (3'11"),47.0 kg (103.6 lbs)
0360,Wynaut,Bright Pokemon,0.6 m (2'00"),14.0 kg (30.9 lbs)
0361,Snorunt,Snow Hat Pokemon,0.7 m (2'04"),16.8 kg (37.0 lbs)
0362,Glalie,Face Pokemon,1.5 m (4'11"),256.5 kg (565.5 lbs)
0362,Glalie(Mega Glalie),Face Pokemon,1.5 m (4'11"),256.5 kg (565.5 lbs)
0363,Spheal,Clap Pokemon,0.8 m (2'07"),39.5 kg (87.1 lbs)
0364,Sealeo,Ball Roll Pokemon,1.1 m (3'07"),87.6 kg (193.1 lbs)
0365,Walrein,Ice Break Pokemon,1.4 m (4'07"),150.6 kg (332.0 lbs)
0366,Clamperl,Bivalve Pokemon,0.4 m (1'04"),52.5 kg (115.7 lbs)
0367,Huntail,Deep Sea Pokemon,1.7 m (5'07"),27.0 kg (59.5 lbs)
0368,Gorebyss,South Sea Pokemon,1.8 m (5'11"),22.6 kg (49.8 lbs)
0369,Relicanth,Longevity Pokemon,1.0 m (3'03"),23.4 kg (51.6 lbs)
0370,Luvdisc,Rendezvous Pokemon,0.6 m (2'00"),8.7 kg (19.2 lbs)
0371,Bagon,Rock Head Pokemon,0.6 m (2'00"),42.1 kg (92.8 lbs)
0372,Shelgon,Endurance Pokemon,1.1 m (3'07"),110.5 kg (243.6 lbs)
0373,Salamence,Dragon Pokemon,1.5 m (4'11"),102.6 kg (226.2 lbs)
0373,Salamence(Mega Salamence),Dragon Pokemon,1.5 m (4'11"),102.6 kg (226.2 lbs)
0374,Beldum,Iron Ball Pokemon,0.6 m (2'00"),95.2 kg (209.9 lbs)
0375,Metang,Iron Claw Pokemon,1.2 m (3'11"),202.5 kg (446.4 lbs)
0376,Metagross,Iron Leg Pokemon,1.6 m (5'03"),550.0 kg (1212.5 lbs)
0376,Metagross(Mega Metagross),Iron Leg Pokemon,1.6 m (5'03"),550.0 kg (1212.5 lbs)
0377,Regirock,Rock Peak Pokemon,1.7 m (5'07"),230.0 kg (507.1 lbs)
0378,Regice,Iceberg Pokemon,1.8 m (5'11"),175.0 kg (385.8 lbs)
0379,Registeel,Iron Pokemon,1.9 m (6'03"),205.0 kg (451.9 lbs)
0380,Latias,Eon Pokemon,1.4 m (4'07"),40.0 kg (88.2 lbs)
0380,Latias(Mega Latias),Eon Pokemon,1.4 m (4'07"),40.0 kg (88.2 lbs)
0381,Latios,Eon Pokemon,2.0 m (6'07"),60.0 kg (132.3 lbs)
0381,Latios(Mega Latios),Eon Pokemon,2.0 m (6'07"),60.0 kg (132.3 lbs)
0382,Kyogre,Sea Basin Pokemon,4.5 m (14'09"),352.0 kg (776.0 lbs)
0382,Kyogre(Primal Kyogre),Sea Basin Pokemon,4.5 m (14'09"),352.0 kg (776.0 lbs)
0383,Groudon,Continent Pokemon,3.5 m (11'06"),950.0 kg (2094.4 lbs)
0383,Groudon(Primal Groudon),Continent Pokemon,3.5 m (11'06"),950.0 kg (2094.4 lbs)
0384,Rayquaza,Sky High Pokemon,7.0 m (23'00"),206.5 kg (455.3 lbs)
0384,Rayquaza(Mega Rayquaza),Sky High Pokemon,7.0 m (23'00"),206.5 kg (455.3 lbs)
0385,Jirachi,Wish Pokemon,0.3 m (1'00"),1.1 kg (2.4 lbs)
0386,Deoxys(Normal Forme),DNA Pokemon,1.7 m (5'07"),60.8 kg (134.0 lbs)
0386,Deoxys(Attack Forme),DNA Pokemon,1.7 m (5'07"),60.8 kg (134.0 lbs)
0386,Deoxys(Defense Forme),DNA Pokemon,1.7 m (5'07"),60.8 kg (134.0 lbs)
0386,Deoxys(Speed Forme),DNA Pokemon,1.7 m (5'07"),60.8 kg (134.0 lbs)
0387,Turtwig,Tiny Leaf Pokemon,0.4 m (1'04"),10.2 kg (22.5 lbs)
0388,Grotle,Grove Pokemon,1.1 m (3'07"),97.0 kg (213.8 lbs)
0389,Torterra,Continent Pokemon,2.2 m (7'03"),310.0 kg (683.4 lbs)
0390,Chimchar,Chimp Pokemon,0.5 m (1'08"),6.2 kg (13.7 lbs)
0391,Monferno,Playful Pokemon,0.9 m (2'11"),22.0 kg (48.5 lbs)
0392,Infernape,Flame Pokemon,1.2 m (3'11"),55.0 kg (121.3 lbs)
0393,Piplup,Penguin Pokemon,0.4 m (1'04"),5.2 kg (11.5 lbs)
0394,Prinplup,Penguin Pokemon,0.8 m (2'07"),23.0 kg (50.7 lbs)
0395,Empoleon,Emperor Pokemon,1.7 m (5'07"),84.5 kg (186.3 lbs)
0396,Starly,Starling Pokemon,0.3 m (1'00"),2.0 kg (4.4 lbs)
0397,Staravia,Starling Pokemon,0.6 m (2'00"),15.5 kg (34.2 lbs)
0398,Staraptor,Predator Pokemon,1.2 m (3'11"),24.9 kg (54.9 lbs)
0399,Bidoof,Plump Mouse Pokemon,0.5 m (1'08"),20.0 kg (44.1 lbs)
0400,Bibarel,Beaver Pokemon,1.0 m (3'03"),31.5 kg (69.4 lbs)
0401,Kricketot,Cricket Pokemon,0.3 m (1'00"),2.2 kg (4.9 lbs)
0402,Kricketune,Cricket Pokemon,1.0 m (3'03"),25.5 kg (56.2 lbs)
0403,Shinx,Flash Pokemon,0.5 m (1'08"),9.5 kg (20.9 lbs)
0404,Luxio,Spark Pokemon,0.9 m (2'11"),30.5 kg (67.2 lbs)
0405,Luxray,Gleam Eyes Pokemon,1.4 m (4'07"),42.0 kg (92.6 lbs)
0406,Budew,Bud Pokemon,0.2 m (0'08"),1.2 kg (2.6 lbs)
0407,Roserade,Bouquet Pokemon,0.9 m (2'11"),14.5 kg (32.0 lbs)
0408,Cranidos,Head Butt Pokemon,0.9 m (2'11"),31.5 kg (69.4 lbs)
0409,Rampardos,Head Butt Pokemon,1.6 m (5'03"),102.5 kg (226.0 lbs)
0410,Shieldon,Shield Pokemon,0.5 m (1'08"),57.0 kg (125.7 lbs)
0411,Bastiodon,Shield Pokemon,1.3 m (4'03"),149.5 kg (329.6 lbs)
0412,Burmy(Plant Cloak),Bagworm Pokemon,0.2 m (0'08"),3.4 kg (7.5 lbs)
0412,Burmy(Sandy Cloak),Bagworm Pokemon,0.2 m (0'08"),3.4 kg (7.5 lbs)
0412,Burmy(Trash Cloak),Bagworm Pokemon,0.2 m (0'08"),3.4 kg (7.5 lbs)
0413,Wormadam(Plant Cloak),Bagworm Pokemon,0.5 m (1'08"),6.5 kg (14.3 lbs)
0413,Wormadam(Sandy Cloak),Bagworm Pokemon,0.5 m (1'08"),6.5 kg (14.3 lbs)
0413,Wormadam(Trash Cloak),Bagworm Pokemon,0.5 m (1'08"),6.5 kg (14.3 lbs)
0414,Mothim,Moth Pokemon,0.9 m (2'11"),23.3 kg (51.4 lbs)
0415,Combee,Tiny Bee Pokemon,0.3 m (1'00"),5.5 kg (12.1 lbs)
0416,Vespiquen,Beehive Pokemon,1.2 m (3'11"),38.5 kg (84.9 lbs)
0417,Pachirisu,EleSquirrel Pokemon,0.4 m (1'04"),3.9 kg (8.6 lbs)
0418,Buizel,Sea Weasel Pokemon,0.7 m (2'04"),29.5 kg (65.0 lbs)
0419,Floatzel,Sea Weasel Pokemon,1.1 m (3'07"),33.5 kg (73.9 lbs)
0420,Cherubi,Cherry Pokemon,0.4 m (1'04"),3.3 kg (7.3 lbs)
0421,Cherrim,Blossom Pokemon,0.5 m (1'08"),9.3 kg (20.5 lbs)
0422,Shellos,Sea Slug Pokemon,0.3 m (1'00"),6.3 kg (13.9 lbs)
0423,Gastrodon,Sea Slug Pokemon,0.9 m (2'11"),29.9 kg (65.9 lbs)
0424,Ambipom,Long Tail Pokemon,1.2 m (3'11"),20.3 kg (44.8 lbs)
0425,Drifloon,Balloon Pokemon,0.4 m (1'04"),1.2 kg (2.6 lbs)
0426,Drifblim,Blimp Pokemon,1.2 m (3'11"),15.0 kg (33.1 lbs)
0427,Buneary,Rabbit Pokemon,0.4 m (1'04"),5.5 kg (12.1 lbs)
0428,Lopunny,Rabbit Pokemon,1.2 m (3'11"),33.3 kg (73.4 lbs)
0428,Lopunny(Mega Lopunny),Rabbit Pokemon,1.2 m (3'11"),33.3 kg (73.4 lbs)
0429,Mismagius,Magical Pokemon,0.9 m (2'11"),4.4 kg (9.7 lbs)
0430,Honchkrow,Big Boss Pokemon,0.9 m (2'11"),27.3 kg (60.2 lbs)
0431,Glameow,Catty Pokemon,0.5 m (1'08"),3.9 kg (8.6 lbs)
0432,Purugly,Tiger Cat Pokemon,1.0 m (3'03"),43.8 kg (96.6 lbs)
0433,Chingling,Bell Pokemon,0.2 m (0'08"),0.6 kg (1.3 lbs)
0434,Stunky,Skunk Pokemon,0.4 m (1'04"),19.2 kg (42.3 lbs)
0435,Skuntank,Skunk Pokemon,1.0 m (3'03"),38.0 kg (83.8 lbs)
0436,Bronzor,Bronze Pokemon,0.5 m (1'08"),60.5 kg (133.4 lbs)
0437,Bronzong,Bronze Bell Pokemon,1.3 m (4'03"),187.0 kg (412.3 lbs)
0438,Bonsly,Bonsai Pokemon,0.5 m (1'08"),15.0 kg (33.1 lbs)
0439,Mime Jr.,Mime Pokemon,0.6 m (2'00"),13.0 kg (28.7 lbs)
0440,Happiny,Playhouse Pokemon,0.6 m (2'00"),24.4 kg (53.8 lbs)
0441,Chatot,Music Note Pokemon,0.5 m (1'08"),1.9 kg (4.2 lbs)
0442,Spiritomb,Forbidden Pokemon,1.0 m (3'03"),108.0 kg (238.1 lbs)
0443,Gible,Land Shark Pokemon,0.7 m (2'04"),20.5 kg (45.2 lbs)
0444,Gabite,Cave Pokemon,1.4 m (4'07"),56.0 kg (123.5 lbs)
0445,Garchomp,Mach Pokemon,1.9 m (6'03"),95.0 kg (209.4 lbs)
0445,Garchomp(Mega Garchomp),Mach Pokemon,1.9 m (6'03"),95.0 kg (209.4 lbs)
0446,Munchlax,Big Eater Pokemon,0.6 m (2'00"),105.0 kg (231.5 lbs)
0447,Riolu,Emanation Pokemon,0.7 m (2'04"),20.2 kg (44.5 lbs)
0448,Lucario,Aura Pokemon,1.2 m (3'11"),54.0 kg (119.0 lbs)
0448,Lucario(Mega Lucario),Aura Pokemon,1.2 m (3'11"),54.0 kg (119.0 lbs)
0449,Hippopotas,Hippo Pokemon,0.8 m (2'07"),49.5 kg (109.1 lbs)
0450,Hippowdon,Heavyweight Pokemon,2.0 m (6'07"),300.0 kg (661.4 lbs)
0451,Skorupi,Scorpion Pokemon,0.8 m (2'07"),12.0 kg (26.5 lbs)
0452,Drapion,Ogre Scorp Pokemon,1.3 m (4'03"),61.5 kg (135.6 lbs)
0453,Croagunk,Toxic Mouth Pokemon,0.7 m (2'04"),23.0 kg (50.7 lbs)
0454,Toxicroak,Toxic Mouth Pokemon,1.3 m (4'03"),44.4 kg (97.9 lbs)
0455,Carnivine,Bug Catcher Pokemon,1.4 m (4'07"),27.0 kg (59.5 lbs)
0456,Finneon,Wing Fish Pokemon,0.4 m (1'04"),7.0 kg (15.4 lbs)
0457,Lumineon,Neon Pokemon,1.2 m (3'11"),24.0 kg (52.9 lbs)
0458,Mantyke,Kite Pokemon,1.0 m (3'03"),65.0 kg (143.3 lbs)
0459,Snover,Frost Tree Pokemon,1.0 m (3'03"),50.5 kg (111.3 lbs)
0460,Abomasnow,Frost Tree Pokemon,2.2 m (7'03"),135.5 kg (298.7 lbs)
0460,Abomasnow(Mega Abomasnow),Frost Tree Pokemon,2.2 m (7'03"),135.5 kg (298.7 lbs)
0461,Weavile,Sharp Claw Pokemon,1.1 m (3'07"),34.0 kg (75.0 lbs)
0462,Magnezone,Magnet Area Pokemon,1.2 m (3'11"),180.0 kg (396.8 lbs)
0463,Lickilicky,Licking Pokemon,1.7 m (5'07"),140.0 kg (308.6 lbs)
0464,Rhyperior,Drill Pokemon,2.4 m (7'10"),282.8 kg (623.5 lbs)
0465,Tangrowth,Vine Pokemon,2.0 m (6'07"),128.6 kg (283.5 lbs)
0466,Electivire,Thunderbolt Pokemon,1.8 m (5'11"),138.6 kg (305.6 lbs)
0467,Magmortar,Blast Pokemon,1.6 m (5'03"),68.0 kg (149.9 lbs)
0468,Togekiss,Jubilee Pokemon,1.5 m (4'11"),38.0 kg (83.8 lbs)
0469,Yanmega,Ogre Darner Pokemon,1.9 m (6'03"),51.5 kg (113.5 lbs)
0470,Leafeon,Verdant Pokemon,1.0 m (3'03"),25.5 kg (56.2 lbs)
0471,Glaceon,Fresh Snow Pokemon,0.8 m (2'07"),25.9 kg (57.1 lbs)
0472,Gliscor,Fang Scorp Pokemon,2.0 m (6'07"),42.5 kg (93.7 lbs)
0473,Mamoswine,Twin Tusk Pokemon,2.5 m (8'02"),291.0 kg (641.5 lbs)
0474,Porygon-Z,Virtual Pokemon,0.9 m (2'11"),34.0 kg (75.0 lbs)
0475,Gallade,Blade Pokemon,1.6 m (5'03"),52.0 kg (114.6 lbs)
0475,Gallade(Mega Gallade),Blade Pokemon,1.6 m (5'03"),52.0 kg (114.6 lbs)
0476,Probopass,Compass Pokemon,1.4 m (4'07"),340.0 kg (749.6 lbs)
0477,Dusknoir,Gripper Pokemon,2.2 m (7'03"),106.6 kg (235.0 lbs)
0478,Froslass,Snow Land Pokemon,1.3 m (4'03"),26.6 kg (58.6 lbs)
0479,Rotom,Plasma Pokemon,0.3 m (1'00"),0.3 kg (0.7 lbs)
0479,Rotom(Heat Rotom),Plasma Pokemon,0.3 m (1'00"),0.3 kg (0.7 lbs)
0479,Rotom(Wash Rotom),Plasma Pokemon,0.3 m (1'00"),0.3 kg (0.7 lbs)
0479,Rotom(Frost Rotom),Plasma Pokemon,0.3 m (1'00"),0.3 kg (0.7 lbs)
0479,Rotom(Fan Rotom),Plasma Pokemon,0.3 m (1'00"),0.3 kg (0.7 lbs)
0479,Rotom(Mow Rotom),Plasma Pokemon,0.3 m (1'00"),0.3 kg (0.7 lbs)
0480,Uxie,Knowledge Pokemon,0.3 m (1'00"),0.3 kg (0.7 lbs)
0481,Mesprit,Emotion Pokemon,0.3 m (1'00"),0.3 kg (0.7 lbs)
0482,Azelf,Willpower Pokemon,0.3 m (1'00"),0.3 kg (0.7 lbs)
0483,Dialga,Temporal Pokemon,5.4 m (17'09"),683.0 kg (1505.8 lbs)
0483,Dialga(Origin Forme),Temporal Pokemon,5.4 m (17'09"),683.0 kg (1505.8 lbs)
0484,Palkia,Spatial Pokemon,4.2 m (13'09"),336.0 kg (740.8 lbs)
0484,Palkia(Origin Forme),Spatial Pokemon,4.2 m (13'09"),336.0 kg (740.8 lbs)
0485,Heatran,Lava Dome Pokemon,1.7 m (5'07"),430.0 kg (948.0 lbs)
0486,Regigigas,Colossal Pokemon,3.7 m (12'02"),420.0 kg (925.9 lbs)
0487,Giratina(Altered Forme),Renegade Pokemon,4.5 m (14'09"),750.0 kg (1653.5 lbs)
0487,Giratina(Origin Forme),Renegade Pokemon,4.5 m (14'09"),750.0 kg (1653.5 lbs)
0488,Cresselia,Lunar Pokemon,1.5 m (4'11"),85.6 kg (188.7 lbs)
0489,Phione,Sea Drifter Pokemon,0.4 m (1'04"),3.1 kg (6.8 lbs)
0490,Manaphy,Seafaring Pokemon,0.3 m (1'00"),1.4 kg (3.1 lbs)
0491,Darkrai,Pitch-Black Pokemon,1.5 m (4'11"),50.5 kg (111.3 lbs)
0492,Shaymin(Land Forme),Gratitude Pokemon,0.2 m (0'08"),2.1 kg (4.6 lbs)
0492,Shaymin(Sky Forme),Gratitude Pokemon,0.2 m (0'08"),2.1 kg (4.6 lbs)
0493,Arceus,Alpha Pokemon,3.2 m (10'06"),320.0 kg (705.5 lbs)
0494,Victini,Victory Pokemon,0.4 m (1'04"),4.0 kg (8.8 lbs)
0495,Snivy,Grass Snake Pokemon,0.6 m (2'00"),8.1 kg (17.9 lbs)
0496,Servine,Grass Snake Pokemon,0.8 m (2'07"),16.0 kg (35.3 lbs)
0497,Serperior,Regal Pokemon,3.3 m (10'10"),63.0 kg (138.9 lbs)
0498,Tepig,Fire Pig Pokemon,0.5 m (1'08"),9.9 kg (21.8 lbs)
0499,Pignite,Fire Pig Pokemon,1.0 m (3'03"),55.5 kg (122.4 lbs)
0500,Emboar,Mega Fire Pig Pokemon,1.6 m (5'03"),150.0 kg (330.7 lbs)
0501,Oshawott,Sea Otter Pokemon,0.5 m (1'08"),5.9 kg (13.0 lbs)
0502,Dewott,Discipline Pokemon,0.8 m (2'07"),24.5 kg (54.0 lbs)
0503,Samurott,Formidable Pokemon,1.5 m (4'11"),94.6 kg (208.6 lbs)
0503,Samurott(Hisuian Samurott),Formidable Pokemon,1.5 m (4'11"),94.6 kg (208.6 lbs)
0504,Patrat,Scout Pokemon,0.5 m (1'08"),11.6 kg (25.6 lbs)
0505,Watchog,Lookout Pokemon,1.1 m (3'07"),27.0 kg (59.5 lbs)
0506,Lillipup,Puppy Pokemon,0.4 m (1'04"),4.1 kg (9.0 lbs)
0507,Herdier,Loyal Dog Pokemon,0.9 m (2'11"),14.7 kg (32.4 lbs)
0508,Stoutland,Big-Hearted Pokemon,1.2 m (3'11"),61.0 kg (134.5 lbs)
0509,Purrloin,Devious Pokemon,0.4 m (1'04"),10.1 kg (22.3 lbs)
0510,Liepard,Cruel Pokemon,1.1 m (3'07"),37.5 kg (82.7 lbs)
0511,Pansage,Grass Monkey Pokemon,0.6 m (2'00"),10.5 kg (23.1 lbs)
0512,Simisage,Thorn Monkey Pokemon,1.1 m (3'07"),30.5 kg (67.2 lbs)
0513,Pansear,High Temp Pokemon,0.6 m (2'00"),11.0 kg (24.3 lbs)
0514,Simisear,Ember Pokemon,1.0 m (3'03"),28.0 kg (61.7 lbs)
0515,Panpour,Spray Pokemon,0.6 m (2'00"),13.5 kg (29.8 lbs)
0516,Simipour,Geyser Pokemon,1.0 m (3'03"),29.0 kg (63.9 lbs)
0517,Munna,Dream Eater Pokemon,0.6 m (2'00"),23.3 kg (51.4 lbs)
0518,Musharna,Drowsing Pokemon,1.1 m (3'07"),60.5 kg (133.4 lbs)
0519,Pidove,Tiny Pigeon Pokemon,0.3 m (1'00"),2.1 kg (4.6 lbs)
0520,Tranquill,Wild Pigeon Pokemon,0.6 m (2'00"),15.0 kg (33.1 lbs)
0521,Unfezant,Proud Pokemon,1.2 m (3'11"),29.0 kg (63.9 lbs)
0522,Blitzle,Electrified Pokemon,0.8 m (2'07"),29.8 kg (65.7 lbs)
0523,Zebstrika,Thunderbolt Pokemon,1.6 m (5'03"),79.5 kg (175.3 lbs)
0524,Roggenrola,Mantle Pokemon,0.4 m (1'04"),18.0 kg (39.7 lbs)
0525,Boldore,Ore Pokemon,0.9 m (2'11"),102.0 kg (224.9 lbs)
0526,Gigalith,Compressed Pokemon,1.7 m (5'07"),260.0 kg (573.2 lbs)
0527,Woobat,Bat Pokemon,0.4 m (1'04"),2.1 kg (4.6 lbs)
0528,Swoobat,Courting Pokemon,0.9 m (2'11"),10.5 kg (23.1 lbs)
0529,Drilbur,Mole Pokemon,0.3 m (1'00"),8.5 kg (18.7 lbs)
0530,Excadrill,Subterrene Pokemon,0.7 m (2'04"),40.4 kg (89.1 lbs)
0531,Audino,Hearing Pokemon,1.1 m (3'07"),31.0 kg (68.3 lbs)
0531,Audino(Mega Audino),Hearing Pokemon,1.1 m (3'07"),31.0 kg (68.3 lbs)
0532,Timburr,Muscular Pokemon,0.6 m (2'00"),12.5 kg (27.6 lbs)
0533,Gurdurr,Muscular Pokemon,1.2 m (3'11"),40.0 kg (88.2 lbs)
0534,Conkeldurr,Muscular Pokemon,1.4 m (4'07"),87.0 kg (191.8 lbs)
0535,Tympole,Tadpole Pokemon,0.5 m (1'08"),4.5 kg (9.9 lbs)
0536,Palpitoad,Vibration Pokemon,0.8 m (2'07"),17.0 kg (37.5 lbs)
0537,Seismitoad,Vibration Pokemon,1.5 m (4'11"),62.0 kg (136.7 lbs)
0538,Throh,Judo Pokemon,1.3 m (4'03"),55.5 kg (122.4 lbs)
0539,Sawk,Karate Pokemon,1.4 m (4'07"),51.0 kg (112.4 lbs)
0540,Sewaddle,Sewing Pokemon,0.3 m (1'00"),2.5 kg (5.5 lbs)
0541,Swadloon,Leaf-Wrapped Pokemon,0.5 m (1'08"),7.3 kg (16.1 lbs)
0542,Leavanny,Nurturing Pokemon,1.2 m (3'11"),20.5 kg (45.2 lbs)
0543,Venipede,Centipede Pokemon,0.4 m (1'04"),5.3 kg (11.7 lbs)
0544,Whirlipede,Curlipede Pokemon,1.2 m (3'11"),58.5 kg (129.0 lbs)
0545,Scolipede,Megapede Pokemon,2.5 m (8'02"),200.5 kg (442.0 lbs)
0546,Cottonee,Cotton Puff Pokemon,0.3 m (1'00"),0.6 kg (1.3 lbs)
0547,Whimsicott,Windveiled Pokemon,0.7 m (2'04"),6.6 kg (14.6 lbs)
0548,Petilil,Bulb Pokemon,0.5 m (1'08"),6.6 kg (14.6 lbs)
0549,Lilligant,Flowering Pokemon,1.1 m (3'07"),16.3 kg (35.9 lbs)
0549,Lilligant(Hisuian Lilligant),Flowering Pokemon,1.1 m (3'07"),16.3 kg (35.9 lbs)
0550,Basculin(Red-Striped Form),Hostile Pokemon,1.0 m (3'03"),18.0 kg (39.7 lbs)
0550,Basculin(Blue-Striped Form),Hostile Pokemon,1.0 m (3'03"),18.0 kg (39.7 lbs)
0550,Basculin(White-Striped Form),Hostile Pokemon,1.0 m (3'03"),18.0 kg (39.7 lbs)
0551,Sandile,Desert Croc Pokemon,0.7 m (2'04"),15.2 kg (33.5 lbs)
0552,Krokorok,Desert Croc Pokemon,1.0 m (3'03"),33.4 kg (73.6 lbs)
0553,Krookodile,Intimidation Pokemon,1.5 m (4'11"),96.3 kg (212.3 lbs)
0554,Darumaka,Zen Charm Pokemon,0.6 m (2'00"),37.5 kg (82.7 lbs)
0554,Darumaka(Galarian Darumaka),Zen Charm Pokemon,0.6 m (2'00"),37.5 kg (82.7 lbs)
0555,Darmanitan(Standard Mode),Blazing Pokemon,1.3 m (4'03"),92.9 kg (204.8 lbs)
0555,Darmanitan(Zen Mode),Blazing Pokemon,1.3 m (4'03"),92.9 kg (204.8 lbs)
0555,Darmanitan(Galarian Standard Mode),Blazing Pokemon,1.3 m (4'03"),92.9 kg (204.8 lbs)
0555,Darmanitan(Galarian Zen Mode),Blazing Pokemon,1.3 m (4'03"),92.9 kg (204.8 lbs)
0556,Maractus,Cactus Pokemon,1.0 m (3'03"),28.0 kg (61.7 lbs)
0557,Dwebble,Rock Inn Pokemon,0.3 m (1'00"),14.5 kg (32.0 lbs)
0558,Crustle,Stone Home Pokemon,1.4 m (4'07"),200.0 kg (440.9 lbs)
0559,Scraggy,Shedding Pokemon,0.6 m (2'00"),11.8 kg (26.0 lbs)
0560,Scrafty,Hoodlum Pokemon,1.1 m (3'07"),30.0 kg (66.1 lbs)
0561,Sigilyph,Avianoid Pokemon,1.4 m (4'07"),14.0 kg (30.9 lbs)
0562,Yamask,Spirit Pokemon,0.5 m (1'08"),1.5 kg (3.3 lbs)
0562,Yamask(Galarian Yamask),Spirit Pokemon,0.5 m (1'08"),1.5 kg (3.3 lbs)
0563,Cofagrigus,Coffin Pokemon,1.7 m (5'07"),76.5 kg (168.7 lbs)
0564,Tirtouga,Prototurtle Pokemon,0.7 m (2'04"),16.5 kg (36.4 lbs)
0565,Carracosta,Prototurtle Pokemon,1.2 m (3'11"),81.0 kg (178.6 lbs)
0566,Archen,First Bird Pokemon,0.5 m (1'08"),9.5 kg (20.9 lbs)
0567,Archeops,First Bird Pokemon,1.4 m (4'07"),32.0 kg (70.5 lbs)
0568,Trubbish,Trash Bag Pokemon,0.6 m (2'00"),31.0 kg (68.3 lbs)
0569,Garbodor,Trash Heap Pokemon,1.9 m (6'03"),107.3 kg (236.6 lbs)
0570,Zorua,Tricky Fox Pokemon,0.7 m (2'04"),12.5 kg (27.6 lbs)
0570,Zorua(Hisuian Zorua),Tricky Fox Pokemon,0.7 m (2'04"),12.5 kg (27.6 lbs)
0571,Zoroark,Illusion Fox Pokemon,1.6 m (5'03"),81.1 kg (178.8 lbs)
0571,Zoroark(Hisuian Zoroark),Illusion Fox Pokemon,1.6 m (5'03"),81.1 kg (178.8 lbs)
0572,Minccino,Chinchilla Pokemon,0.4 m (1'04"),5.8 kg (12.8 lbs)
0573,Cinccino,Scarf Pokemon,0.5 m (1'08"),7.5 kg (16.5 lbs)
0574,Gothita,Fixation Pokemon,0.4 m (1'04"),5.8 kg (12.8 lbs)
0575,Gothorita,Manipulate Pokemon,0.7 m (2'04"),18.0 kg (39.7 lbs)
0576,Gothitelle,Astral Body Pokemon,1.5 m (4'11"),44.0 kg (97.0 lbs)
0577,Solosis,Cell Pokemon,0.3 m (1'00"),1.0 kg (2.2 lbs)
0578,Duosion,Mitosis Pokemon,0.6 m (2'00"),8.0 kg (17.6 lbs)
0579,Reuniclus,Multiplying Pokemon,1.0 m (3'03"),20.1 kg (44.3 lbs)
0580,Ducklett,Water Bird Pokemon,0.5 m (1'08"),5.5 kg (12.1 lbs)
0581,Swanna,White Bird Pokemon,1.3 m (4'03"),24.2 kg (53.4 lbs)
0582,Vanillite,Fresh Snow Pokemon,0.4 m (1'04"),5.7 kg (12.6 lbs)
0583,Vanillish,Icy Snow Pokemon,1.1 m (3'07"),41.0 kg (90.4 lbs)
0584,Vanilluxe,Snowstorm Pokemon,1.3 m (4'03"),57.5 kg (126.8 lbs)
0585,Deerling,Season Pokemon,0.6 m (2'00"),19.5 kg (43.0 lbs)
0586,Sawsbuck,Season Pokemon,1.9 m (6'03"),92.5 kg (203.9 lbs)
0587,Emolga,Sky Squirrel Pokemon,0.4 m (1'04"),5.0 kg (11.0 lbs)
0588,Karrablast,Clamping Pokemon,0.5 m (1'08"),5.9 kg (13.0 lbs)
0589,Escavalier,Cavalry Pokemon,1.0 m (3'03"),33.0 kg (72.8 lbs)
0590,Foongus,Mushroom Pokemon,0.2 m (0'08"),1.0 kg (2.2 lbs)
0591,Amoonguss,Mushroom Pokemon,0.6 m (2'00"),10.5 kg (23.1 lbs)
0592,Frillish,Floating Pokemon,1.2 m (3'11"),33.0 kg (72.8 lbs)
0593,Jellicent,Floating Pokemon,2.2 m (7'03"),135.0 kg (297.6 lbs)
0594,Alomomola,Caring Pokemon,1.2 m (3'11"),31.6 kg (69.7 lbs)
0595,Joltik,Attaching Pokemon,0.1 m (0'04"),0.6 kg (1.3 lbs)
0596,Galvantula,EleSpider Pokemon,0.8 m (2'07"),14.3 kg (31.5 lbs)
0597,Ferroseed,Thorn Seed Pokemon,0.6 m (2'00"),18.8 kg (41.4 lbs)
0598,Ferrothorn,Thorn Pod Pokemon,1.0 m (3'03"),110.0 kg (242.5 lbs)
0599,Klink,Gear Pokemon,0.3 m (1'00"),21.0 kg (46.3 lbs)
0600,Klang,Gear Pokemon,0.6 m (2'00"),51.0 kg (112.4 lbs)
0601,Klinklang,Gear Pokemon,0.6 m (2'00"),81.0 kg (178.6 lbs)
0602,Tynamo,EleFish Pokemon,0.2 m (0'08"),0.3 kg (0.7 lbs)
0603,Eelektrik,EleFish Pokemon,1.2 m (3'11"),22.0 kg (48.5 lbs)
0604,Eelektross,EleFish Pokemon,2.1 m (6'11"),80.5 kg (177.5 lbs)
0605,Elgyem,Cerebral Pokemon,0.5 m (1'08"),9.0 kg (19.8 lbs)
0606,Beheeyem,Cerebral Pokemon,1.0 m (3'03"),34.5 kg (76.1 lbs)
0607,Litwick,Candle Pokemon,0.3 m (1'00"),3.1 kg (6.8 lbs)
0608,Lampent,Lamp Pokemon,0.6 m (2'00"),13.0 kg (28.7 lbs)
0609,Chandelure,Luring Pokemon,1.0 m (3'03"),34.3 kg (75.6 lbs)
0610,Axew,Tusk Pokemon,0.6 m (2'00"),18.0 kg (39.7 lbs)
0611,Fraxure,Axe Jaw Pokemon,1.0 m (3'03"),36.0 kg (79.4 lbs)
0612,Haxorus,Axe Jaw Pokemon,1.8 m (5'11"),105.5 kg (232.6 lbs)
0613,Cubchoo,Chill Pokemon,0.5 m (1'08"),8.5 kg (18.7 lbs)
0614,Beartic,Freezing Pokemon,2.6 m (8'06"),260.0 kg (573.2 lbs)
0615,Cryogonal,Crystallizing Pokemon,1.1 m (3'07"),148.0 kg (326.3 lbs)
0616,Shelmet,Snail Pokemon,0.4 m (1'04"),7.7 kg (17.0 lbs)
0617,Accelgor,Shell Out Pokemon,0.8 m (2'07"),25.3 kg (55.8 lbs)
0618,Stunfisk,Trap Pokemon,0.7 m (2'04"),11.0 kg (24.3 lbs)
0618,Stunfisk(Galarian Stunfisk),Trap Pokemon,0.7 m (2'04"),11.0 kg (24.3 lbs)
0619,Mienfoo,Martial Arts Pokemon,0.9 m (2'11"),20.0 kg (44.1 lbs)
0620,Mienshao,Martial Arts Pokemon,1.4 m (4'07"),35.5 kg (78.3 lbs)
0621,Druddigon,Cave Pokemon,1.6 m (5'03"),139.0 kg (306.4 lbs)
0622,Golett,Automaton Pokemon,1.0 m (3'03"),92.0 kg (202.8 lbs)
0623,Golurk,Automaton Pokemon,2.8 m (9'02"),330.0 kg (727.5 lbs)
0624,Pawniard,Sharp Blade Pokemon,0.5 m (1'08"),10.2 kg (22.5 lbs)
0625,Bisharp,Sword Blade Pokemon,1.6 m (5'03"),70.0 kg (154.3 lbs)
0626,Bouffalant,Bash Buffalo Pokemon,1.6 m (5'03"),94.6 kg (208.6 lbs)
0627,Rufflet,Eaglet Pokemon,0.5 m (1'08"),10.5 kg (23.1 lbs)
0628,Braviary,Valiant Pokemon,1.5 m (4'11"),41.0 kg (90.4 lbs)
0628,Braviary(Hisuian Braviary),Valiant Pokemon,1.5 m (4'11"),41.0 kg (90.4 lbs)
0629,Vullaby,Diapered Pokemon,0.5 m (1'08"),9.0 kg (19.8 lbs)
0630,Mandibuzz,Bone Vulture Pokemon,1.2 m (3'11"),39.5 kg (87.1 lbs)
0631,Heatmor,Anteater Pokemon,1.4 m (4'07"),58.0 kg (127.9 lbs)
0632,Durant,Iron Ant Pokemon,0.3 m (1'00"),33.0 kg (72.8 lbs)
0633,Deino,Irate Pokemon,0.8 m (2'07"),17.3 kg (38.1 lbs)
0634,Zweilous,Hostile Pokemon,1.4 m (4'07"),50.0 kg (110.2 lbs)
0635,Hydreigon,Brutal Pokemon,1.8 m (5'11"),160.0 kg (352.7 lbs)
0636,Larvesta,Torch Pokemon,1.1 m (3'07"),28.8 kg (63.5 lbs)
0637,Volcarona,Sun Pokemon,1.6 m (5'03"),46.0 kg (101.4 lbs)
0638,Cobalion,Iron Will Pokemon,2.1 m (6'11"),250.0 kg (551.2 lbs)
0639,Terrakion,Cavern Pokemon,1.9 m (6'03"),260.0 kg (573.2 lbs)
0640,Virizion,Grassland Pokemon,2.0 m (6'07"),200.0 kg (440.9 lbs)
0641,Tornadus(Incarnate Forme),Cyclone Pokemon,1.5 m (4'11"),63.0 kg (138.9 lbs)
0641,Tornadus(Therian Forme),Cyclone Pokemon,1.5 m (4'11"),63.0 kg (138.9 lbs)
0642,Thundurus(Incarnate Forme),Bolt Strike Pokemon,1.5 m (4'11"),61.0 kg (134.5 lbs)
0642,Thundurus(Therian Forme),Bolt Strike Pokemon,1.5 m (4'11"),61.0 kg (134.5 lbs)
0643,Reshiram,Vast White Pokemon,3.2 m (10'06"),330.0 kg (727.5 lbs)
0644,Zekrom,Deep Black Pokemon,2.9 m (9'06"),345.0 kg (760.6 lbs)
0645,Landorus(Incarnate Forme),Abundance Pokemon,1.5 m (4'11"),68.0 kg (149.9 lbs)
0645,Landorus(Therian Forme),Abundance Pokemon,1.5 m (4'11"),68.0 kg (149.9 lbs)
0646,Kyurem,Boundary Pokemon,3.0 m (9'10"),325.0 kg (716.5 lbs)
0646,Kyurem(White Kyurem),Boundary Pokemon,3.0 m (9'10"),325.0 kg (716.5 lbs)
0646,Kyurem(Black Kyurem),Boundary Pokemon,3.0 m (9'10"),325.0 kg (716.5 lbs)
0647,Keldeo(Ordinary Form),Colt Pokemon,1.4 m (4'07"),48.5 kg (106.9 lbs)
0647,Keldeo(Resolute Form),Colt Pokemon,1.4 m (4'07"),48.5 kg (106.9 lbs)
0648,Meloetta(Aria Forme),Melody Pokemon,0.6 m (2'00"),6.5 kg (14.3 lbs)
0648,Meloetta(Pirouette Forme),Melody Pokemon,0.6 m (2'00"),6.5 kg (14.3 lbs)
0649,Genesect,Paleozoic Pokemon,1.5 m (4'11"),82.5 kg (181.9 lbs)
0650,Chespin,Spiny Nut Pokemon,0.4 m (1'04"),9.0 kg (19.8 lbs)
0651,Quilladin,Spiny Armor Pokemon,0.7 m (2'04"),29.0 kg (63.9 lbs)
0652,Chesnaught,Spiny Armor Pokemon,1.6 m (5'03"),90.0 kg (198.4 lbs)
0653,Fennekin,Fox Pokemon,0.4 m (1'04"),9.4 kg (20.7 lbs)
0654,Braixen,Fox Pokemon,1.0 m (3'03"),14.5 kg (32.0 lbs)
0655,Delphox,Fox Pokemon,1.5 m (4'11"),39.0 kg (86.0 lbs)
0656,Froakie,Bubble Frog Pokemon,0.3 m (1'00"),7.0 kg (15.4 lbs)
0657,Frogadier,Bubble Frog Pokemon,0.6 m (2'00"),10.9 kg (24.0 lbs)
0658,Greninja,Ninja Pokemon,1.5 m (4'11"),40.0 kg (88.2 lbs)
0658,Greninja(Ash-Greninja),Ninja Pokemon,1.5 m (4'11"),40.0 kg (88.2 lbs)
0659,Bunnelby,Digging Pokemon,0.4 m (1'04"),5.0 kg (11.0 lbs)
0660,Diggersby,Digging Pokemon,1.0 m (3'03"),42.4 kg (93.5 lbs)
0661,Fletchling,Tiny Robin Pokemon,0.3 m (1'00"),1.7 kg (3.7 lbs)
0662,Fletchinder,Ember Pokemon,0.7 m (2'04"),16.0 kg (35.3 lbs)
0663,Talonflame,Scorching Pokemon,1.2 m (3'11"),24.5 kg (54.0 lbs)
0664,Scatterbug,Scatterdust Pokemon,0.3 m (1'00"),2.5 kg (5.5 lbs)
0665,Spewpa,Scatterdust Pokemon,0.3 m (1'00"),8.4 kg (18.5 lbs)
0666,Vivillon,Scale Pokemon,1.2 m (3'11"),17.0 kg (37.5 lbs)
0667,Litleo,Lion Cub Pokemon,0.6 m (2'00"),13.5 kg (29.8 lbs)
0668,Pyroar,Royal Pokemon,1.5 m (4'11"),81.5 kg (179.7 lbs)
0669,Flabebe,Single Bloom Pokemon,0.1 m (0'04"),0.1 kg (0.2 lbs)
0670,Floette,Single Bloom Pokemon,0.2 m (0'08"),0.9 kg (2.0 lbs)
0671,Florges,Garden Pokemon,1.1 m (3'07"),10.0 kg (22.0 lbs)
0672,Skiddo,Mount Pokemon,0.9 m (2'11"),31.0 kg (68.3 lbs)
0673,Gogoat,Mount Pokemon,1.7 m (5'07"),91.0 kg (200.6 lbs)
0674,Pancham,Playful Pokemon,0.6 m (2'00"),8.0 kg (17.6 lbs)
0675,Pangoro,Daunting Pokemon,2.1 m (6'11"),136.0 kg (299.8 lbs)
0676,Furfrou,Poodle Pokemon,1.2 m (3'11"),28.0 kg (61.7 lbs)
0677,Espurr,Restraint Pokemon,0.3 m (1'00"),3.5 kg (7.7 lbs)
0678,Meowstic(Male),Constraint Pokemon,0.6 m (2'00"),8.5 kg (18.7 lbs)
0678,Meowstic(Female),Constraint Pokemon,0.6 m (2'00"),8.5 kg (18.7 lbs)
0679,Honedge,Sword Pokemon,0.8 m (2'07"),2.0 kg (4.4 lbs)
0680,Doublade,Sword Pokemon,0.8 m (2'07"),4.5 kg (9.9 lbs)
0681,Aegislash(Shield Forme),Royal Sword Pokemon,1.7 m (5'07"),53.0 kg (116.8 lbs)
0681,Aegislash(Blade Forme),Royal Sword Pokemon,1.7 m (5'07"),53.0 kg (116.8 lbs)
0682,Spritzee,Perfume Pokemon,0.2 m (0'08"),0.5 kg (1.1 lbs)
0683,Aromatisse,Fragrance Pokemon,0.8 m (2'07"),15.5 kg (34.2 lbs)
0684,Swirlix,Cotton Candy Pokemon,0.4 m (1'04"),3.5 kg (7.7 lbs)
0685,Slurpuff,Meringue Pokemon,0.8 m (2'07"),5.0 kg (11.0 lbs)
0686,Inkay,Revolving Pokemon,0.4 m (1'04"),3.5 kg (7.7 lbs)
0687,Malamar,Overturning Pokemon,1.5 m (4'11"),47.0 kg (103.6 lbs)
0688,Binacle,Two-Handed Pokemon,0.5 m (1'08"),31.0 kg (68.3 lbs)
0689,Barbaracle,Collective Pokemon,1.3 m (4'03"),96.0 kg (211.6 lbs)
0690,Skrelp,Mock Kelp Pokemon,0.5 m (1'08"),7.3 kg (16.1 lbs)
0691,Dragalge,Mock Kelp Pokemon,1.8 m (5'11"),81.5 kg (179.7 lbs)
0692,Clauncher,Water Gun Pokemon,0.5 m (1'08"),8.3 kg (18.3 lbs)
0693,Clawitzer,Howitzer Pokemon,1.3 m (4'03"),35.3 kg (77.8 lbs)
0694,Helioptile,Generator Pokemon,0.5 m (1'08"),6.0 kg (13.2 lbs)
0695,Heliolisk,Generator Pokemon,1.0 m (3'03"),21.0 kg (46.3 lbs)
0696,Tyrunt,Royal Heir Pokemon,0.8 m (2'07"),26.0 kg (57.3 lbs)
0697,Tyrantrum,Despot Pokemon,2.5 m (8'02"),270.0 kg (595.2 lbs)
0698,Amaura,Tundra Pokemon,1.3 m (4'03"),25.2 kg (55.6 lbs)
0699,Aurorus,Tundra Pokemon,2.7 m (8'10"),225.0 kg (496.0 lbs)
0700,Sylveon,Intertwining Pokemon,1.0 m (3'03"),23.5 kg (51.8 lbs)
0701,Hawlucha,Wrestling Pokemon,0.8 m (2'07"),21.5 kg (47.4 lbs)
0702,Dedenne,Antenna Pokemon,0.2 m (0'08"),2.2 kg (4.9 lbs)
0703,Carbink,Jewel Pokemon,0.3 m (1'00"),5.7 kg (12.6 lbs)
0704,Goomy,Soft Tissue Pokemon,0.3 m (1'00"),2.8 kg (6.2 lbs)
0705,Sliggoo,Soft Tissue Pokemon,0.8 m (2'07"),17.5 kg (38.6 lbs)
0705,Sliggoo(Hisuian Sliggoo),Soft Tissue Pokemon,0.8 m (2'07"),17.5 kg (38.6 lbs)
0706,Goodra,Dragon Pokemon,2.0 m (6'07"),150.5 kg (331.8 lbs)
0706,Goodra(Hisuian Goodra),Dragon Pokemon,2.0 m (6'07"),150.5 kg (331.8 lbs)
0707,Klefki,Key Ring Pokemon,0.2 m (0'08"),3.0 kg (6.6 lbs)
0708,Phantump,Stump Pokemon,0.4 m (1'04"),7.0 kg (15.4 lbs)
0709,Trevenant,Elder Tree Pokemon,1.5 m (4'11"),71.0 kg (156.5 lbs)
0710,Pumpkaboo(Average Size),Pumpkin Pokemon,0.4 m (1'04"),5.0 kg (11.0 lbs)
0710,Pumpkaboo(Small Size),Pumpkin Pokemon,0.4 m (1'04"),5.0 kg (11.0 lbs)
0710,Pumpkaboo(Large Size),Pumpkin Pokemon,0.4 m (1'04"),5.0 kg (11.0 lbs)
0710,Pumpkaboo(Super Size),Pumpkin Pokemon,0.4 m (1'04"),5.0 kg (11.0 lbs)
0711,Gourgeist(Average Size),Pumpkin Pokemon,0.9 m (2'11"),12.5 kg (27.6 lbs)
0711,Gourgeist(Small Size),Pumpkin Pokemon,0.9 m (2'11"),12.5 kg (27.6 lbs)
0711,Gourgeist(Large Size),Pumpkin Pokemon,0.9 m (2'11"),12.5 kg (27.6 lbs)
0711,Gourgeist(Super Size),Pumpkin Pokemon,0.9 m (2'11"),12.5 kg (27.6 lbs)
0712,Bergmite,Ice Chunk Pokemon,1.0 m (3'03"),99.5 kg (219.4 lbs)
0713,Avalugg,Iceberg Pokemon,2.0 m (6'07"),505.0 kg (1113.3 lbs)
0713,Avalugg(Hisuian Avalugg),Iceberg Pokemon,2.0 m (6'07"),505.0 kg (1113.3 lbs)
0714,Noibat,Sound Wave Pokemon,0.5 m (1'08"),8.0 kg (17.6 lbs)
0715,Noivern,Sound Wave Pokemon,1.5 m (4'11"),85.0 kg (187.4 lbs)
0716,Xerneas,Life Pokemon,3.0 m (9'10"),215.0 kg (474.0 lbs)
0717,Yveltal,Destruction Pokemon,5.8 m (19'00"),203.0 kg (447.5 lbs)
0718,Zygarde(50% Forme),Order Pokemon,5.0 m (16'05"),305.0 kg (672.4 lbs)
0718,Zygarde(10% Forme),Order Pokemon,5.0 m (16'05"),305.0 kg (672.4 lbs)
0718,Zygarde(Complete Forme),Order Pokemon,5.0 m (16'05"),305.0 kg (672.4 lbs)
0719,Diancie,Jewel Pokemon,0.7 m (2'04"),8.8 kg (19.4 lbs)
0719,Diancie(Mega Diancie),Jewel Pokemon,0.7 m (2'04"),8.8 kg (19.4 lbs)
0720,Hoopa(Hoopa Confined),Mischief Pokemon,0.5 m (1'08"),9.0 kg (19.8 lbs)
0720,Hoopa(Hoopa Unbound),Mischief Pokemon,0.5 m (1'08"),9.0 kg (19.8 lbs)
0721,Volcanion,Steam Pokemon,1.7 m (5'07"),195.0 kg (429.9 lbs)
0722,Rowlet,Grass Quill Pokemon,0.3 m (1'00"),1.5 kg (3.3 lbs)
0723,Dartrix,Blade Quill Pokemon,0.7 m (2'04"),16.0 kg (35.3 lbs)
0724,Decidueye,Arrow Quill Pokemon,1.6 m (5'03"),36.6 kg (80.7 lbs)
0724,Decidueye(Hisuian Decidueye),Arrow Quill Pokemon,1.6 m (5'03"),36.6 kg (80.7 lbs)
0725,Litten,Fire Cat Pokemon,0.4 m (1'04"),4.3 kg (9.5 lbs)
0726,Torracat,Fire Cat Pokemon,0.7 m (2'04"),25.0 kg (55.1 lbs)
0727,Incineroar,Heel Pokemon,1.8 m (5'11"),83.0 kg (183.0 lbs)
0728,Popplio,Sea Lion Pokemon,0.4 m (1'04"),7.5 kg (16.5 lbs)
0729,Brionne,Pop Star Pokemon,0.6 m (2'00"),17.5 kg (38.6 lbs)
0730,Primarina,Soloist Pokemon,1.8 m (5'11"),44.0 kg (97.0 lbs)
0731,Pikipek,Woodpecker Pokemon,0.3 m (1'00"),1.2 kg (2.6 lbs)
0732,Trumbeak,Bugle Beak Pokemon,0.6 m (2'00"),14.8 kg (32.6 lbs)
0733,Toucannon,Cannon Pokemon,1.1 m (3'07"),26.0 kg (57.3 lbs)
0734,Yungoos,Loitering Pokemon,0.4 m (1'04"),6.0 kg (13.2 lbs)
0735,Gumshoos,Stakeout Pokemon,0.7 m (2'04"),14.2 kg (31.3 lbs)
0736,Grubbin,Larva Pokemon,0.4 m (1'04"),4.4 kg (9.7 lbs)
0737,Charjabug,Battery Pokemon,0.5 m (1'08"),10.5 kg (23.1 lbs)
0738,Vikavolt,Stag Beetle Pokemon,1.5 m (4'11"),45.0 kg (99.2 lbs)
0739,Crabrawler,Boxing Pokemon,0.6 m (2'00"),7.0 kg (15.4 lbs)
0740,Crabominable,Woolly Crab Pokemon,1.7 m (5'07"),180.0 kg (396.8 lbs)
0741,Oricorio(Baile Style),Dancing Pokemon,0.6 m (2'00"),3.4 kg (7.5 lbs)
0741,Oricorio(Pom-Pom Style),Dancing Pokemon,0.6 m (2'00"),3.4 kg (7.5 lbs)
0741,Oricorio(Pa'u Style),Dancing Pokemon,0.6 m (2'00"),3.4 kg (7.5 lbs)
0741,Oricorio(Sensu Style),Dancing Pokemon,0.6 m (2'00"),3.4 kg (7.5 lbs)
0742,Cutiefly,Bee Fly Pokemon,0.1 m (0'04"),0.2 kg (0.4 lbs)
0743,Ribombee,Bee Fly Pokemon,0.2 m (0'08"),0.5 kg (1.1 lbs)
0744,Rockruff,Puppy Pokemon,0.5 m (1'08"),9.2 kg (20.3 lbs)
0744,Rockruff(Own Tempo Rockruff),Puppy Pokemon,0.5 m (1'08"),9.2 kg (20.3 lbs)
0745,Lycanroc(Midday Form),Wolf Pokemon,0.8 m (2'07"),25.0 kg (55.1 lbs)
0745,Lycanroc(Midnight Form),Wolf Pokemon,0.8 m (2'07"),25.0 kg (55.1 lbs)
0745,Lycanroc(Dusk Form),Wolf Pokemon,0.8 m (2'07"),25.0 kg (55.1 lbs)
0746,Wishiwashi(Solo Form),Small Fry Pokemon,0.2 m (0'08"),0.3 kg (0.7 lbs)
0746,Wishiwashi(School Form),Small Fry Pokemon,0.2 m (0'08"),0.3 kg (0.7 lbs)
0747,Mareanie,Brutal Star Pokemon,0.4 m (1'04"),8.0 kg (17.6 lbs)
0748,Toxapex,Brutal Star Pokemon,0.7 m (2'04"),14.5 kg (32.0 lbs)
0749,Mudbray,Donkey Pokemon,1.0 m (3'03"),110.0 kg (242.5 lbs)
0750,Mudsdale,Draft Horse Pokemon,2.5 m (8'02"),920.0 kg (2028.3 lbs)
0751,Dewpider,Water Bubble Pokemon,0.3 m (1'00"),4.0 kg (8.8 lbs)
0752,Araquanid,Water Bubble Pokemon,1.8 m (5'11"),82.0 kg (180.8 lbs)
0753,Fomantis,Sickle Grass Pokemon,0.3 m (1'00"),1.5 kg (3.3 lbs)
0754,Lurantis,Bloom Sickle Pokemon,0.9 m (2'11"),18.5 kg (40.8 lbs)
0755,Morelull,Illuminating Pokemon,0.2 m (0'08"),1.5 kg (3.3 lbs)
0756,Shiinotic,Illuminating Pokemon,1.0 m (3'03"),11.5 kg (25.4 lbs)
0757,Salandit,Toxic Lizard Pokemon,0.6 m (2'00"),4.8 kg (10.6 lbs)
0758,Salazzle,Toxic Lizard Pokemon,1.2 m (3'11"),22.2 kg (48.9 lbs)
0759,Stufful,Flailing Pokemon,0.5 m (1'08"),6.8 kg (15.0 lbs)
0760,Bewear,Strong Arm Pokemon,2.1 m (6'11"),135.0 kg (297.6 lbs)
0761,Bounsweet,Fruit Pokemon,0.3 m (1'00"),3.2 kg (7.1 lbs)
0762,Steenee,Fruit Pokemon,0.7 m (2'04"),8.2 kg (18.1 lbs)
0763,Tsareena,Fruit Pokemon,1.2 m (3'11"),21.4 kg (47.2 lbs)
0764,Comfey,Posy Picker Pokemon,0.1 m (0'04"),0.3 kg (0.7 lbs)
0765,Oranguru,Sage Pokemon,1.5 m (4'11"),76.0 kg (167.6 lbs)
0766,Passimian,Teamwork Pokemon,2.0 m (6'07"),82.8 kg (182.5 lbs)
0767,Wimpod,Turn Tail Pokemon,0.5 m (1'08"),12.0 kg (26.5 lbs)
0768,Golisopod,Hard Scale Pokemon,2.0 m (6'07"),108.0 kg (238.1 lbs)
0769,Sandygast,Sand Heap Pokemon,0.5 m (1'08"),70.0 kg (154.3 lbs)
0770,Palossand,Sand Castle Pokemon,1.3 m (4'03"),250.0 kg (551.2 lbs)
0771,Pyukumuku,Sea Cucumber Pokemon,0.3 m (1'00"),1.2 kg (2.6 lbs)
0772,Type: Null,Synthetic Pokemon,1.9 m (6'03"),120.5 kg (265.7 lbs)
0773,Silvally,Synthetic Pokemon,2.3 m (7'07"),100.5 kg (221.6 lbs)
0774,Minior(Meteor Form),Meteor Pokemon,0.3 m (1'00"),40.0 kg (88.2 lbs)
0774,Minior(Core Form),Meteor Pokemon,0.3 m (1'00"),40.0 kg (88.2 lbs)
0775,Komala,Drowsing Pokemon,0.4 m (1'04"),19.9 kg (43.9 lbs)
0776,Turtonator,Blast Turtle Pokemon,2.0 m (6'07"),212.0 kg (467.4 lbs)
0777,Togedemaru,Roly-Poly Pokemon,0.3 m (1'00"),3.3 kg (7.3 lbs)
0778,Mimikyu,Disguise Pokemon,0.2 m (0'08"),0.7 kg (1.5 lbs)
0779,Bruxish,Gnash Teeth Pokemon,0.9 m (2'11"),19.0 kg (41.9 lbs)
0780,Drampa,Placid Pokemon,3.0 m (9'10"),185.0 kg (407.9 lbs)
0781,Dhelmise,Sea Creeper Pokemon,3.9 m (12'10"),210.0 kg (463.0 lbs)
0782,Jangmo-o,Scaly Pokemon,0.6 m (2'00"),29.7 kg (65.5 lbs)
0783,Hakamo-o,Scaly Pokemon,1.2 m (3'11"),47.0 kg (103.6 lbs)
0784,Kommo-o,Scaly Pokemon,1.6 m (5'03"),78.2 kg (172.4 lbs)
0785,Tapu Koko,Land Spirit Pokemon,1.8 m (5'11"),20.5 kg (45.2 lbs)
0786,Tapu Lele,Land Spirit Pokemon,1.2 m (3'11"),18.6 kg (41.0 lbs)
0787,Tapu Bulu,Land Spirit Pokemon,1.9 m (6'03"),45.5 kg (100.3 lbs)
0788,Tapu Fini,Land Spirit Pokemon,1.3 m (4'03"),21.2 kg (46.7 lbs)
0789,Cosmog,Nebula Pokemon,0.2 m (0'08"),0.1 kg (0.2 lbs)
0790,Cosmoem,Protostar Pokemon,0.1 m (0'04"),999.9 kg (2204.4 lbs)
0791,Solgaleo,Sunne Pokemon,3.4 m (11'02"),230.0 kg (507.1 lbs)
0792,Lunala,Moone Pokemon,4.0 m (13'01"),120.0 kg (264.6 lbs)
0793,Nihilego,Parasite Pokemon,1.2 m (3'11"),55.5 kg (122.4 lbs)
0794,Buzzwole,Swollen Pokemon,2.4 m (7'10"),333.6 kg (735.5 lbs)
0795,Pheromosa,Lissome Pokemon,1.8 m (5'11"),25.0 kg (55.1 lbs)
0796,Xurkitree,Glowing Pokemon,3.8 m (12'06"),100.0 kg (220.5 lbs)
0797,Celesteela,Launch Pokemon,9.2 m (30'02"),999.9 kg (2204.4 lbs)
0798,Kartana,Drawn Sword Pokemon,0.3 m (1'00"),0.1 kg (0.2 lbs)
0799,Guzzlord,Junkivore Pokemon,5.5 m (18'01"),888.0 kg (1957.7 lbs)
0800,Necrozma,Prism Pokemon,2.4 m (7'10"),230.0 kg (507.1 lbs)
0800,Necrozma(Dusk Mane Necrozma),Prism Pokemon,2.4 m (7'10"),230.0 kg (507.1 lbs)
0800,Necrozma(Dawn Wings Necrozma),Prism Pokemon,2.4 m (7'10"),230.0 kg (507.1 lbs)
0800,Necrozma(Ultra Necrozma),Prism Pokemon,2.4 m (7'10"),230.0 kg (507.1 lbs)
0801,Magearna,Artificial Pokemon,1.0 m (3'03"),80.5 kg (177.5 lbs)
0802,Marshadow,Gloomdweller Pokemon,0.7 m (2'04"),22.2 kg (48.9 lbs)
0803,Poipole,Poison Pin Pokemon,0.6 m (2'00"),1.8 kg (4.0 lbs)
0804,Naganadel,Poison Pin Pokemon,3.6 m (11'10"),150.0 kg (330.7 lbs)
0805,Stakataka,Rampart Pokemon,5.5 m (18'01"),820.0 kg (1807.8 lbs)
0806,Blacephalon,Fireworks Pokemon,1.8 m (5'11"),13.0 kg (28.7 lbs)
0807,Zeraora,Thunderclap Pokemon,1.5 m (4'11"),44.5 kg (98.1 lbs)
0808,Meltan,Hex Nut Pokemon,0.2 m (0'08"),8.0 kg (17.6 lbs)
0809,Melmetal,Hex Nut Pokemon,2.5 m (8'02"),800.0 kg (1763.7 lbs)
0810,Grookey,Chimp Pokemon,0.3 m (1'00"),5.0 kg (11.0 lbs)
0811,Thwackey,Beat Pokemon,0.7 m (2'04"),14.0 kg (30.9 lbs)
0812,Rillaboom,Drummer Pokemon,2.1 m (6'11"),90.0 kg (198.4 lbs)
0813,Scorbunny,Rabbit Pokemon,0.3 m (1'00"),4.5 kg (9.9 lbs)
0814,Raboot,Rabbit Pokemon,0.6 m (2'00"),9.0 kg (19.8 lbs)
0815,Cinderace,Striker Pokemon,1.4 m (4'07"),33.0 kg (72.8 lbs)
0816,Sobble,Water Lizard Pokemon,0.3 m (1'00"),4.0 kg (8.8 lbs)
0817,Drizzile,Water lizard Pokemon,0.7 m (2'04"),11.5 kg (25.4 lbs)
0818,Inteleon,Secret Agent Pokemon,1.9 m (6'03"),45.2 kg (99.6 lbs)
0819,Skwovet,Cheeky Pokemon,0.3 m (1'00"),2.5 kg (5.5 lbs)
0820,Greedent,Greedy Pokemon,0.6 m (2'00"),6.0 kg (13.2 lbs)
0821,Rookidee,Tiny Bird Pokemon,0.2 m (0'08"),1.8 kg (4.0 lbs)
0822,Corvisquire,Raven Pokemon,0.8 m (2'07"),16.0 kg (35.3 lbs)
0823,Corviknight,Raven Pokemon,2.2 m (7'03"),75.0 kg (165.3 lbs)
0824,Blipbug,Larva Pokemon,0.4 m (1'04"),8.0 kg (17.6 lbs)
0825,Dottler,Radome Pokemon,0.4 m (1'04"),19.5 kg (43.0 lbs)
0826,Orbeetle,Seven Spot Pokemon,0.4 m (1'04"),40.8 kg (89.9 lbs)
0827,Nickit,Fox Pokemon,0.6 m (2'00"),8.9 kg (19.6 lbs)
0828,Thievul,Fox Pokemon,1.2 m (3'11"),19.9 kg (43.9 lbs)
0829,Gossifleur,Flowering Pokemon,0.4 m (1'04"),2.2 kg (4.9 lbs)
0830,Eldegoss,Cotton Bloom Pokemon,0.5 m (1'08"),2.5 kg (5.5 lbs)
0831,Wooloo,Sheep Pokemon,0.6 m (2'00"),6.0 kg (13.2 lbs)
0832,Dubwool,Sheep Pokemon,1.3 m (4'03"),43.0 kg (94.8 lbs)
0833,Chewtle,Snapping Pokemon,0.3 m (1'00"),8.5 kg (18.7 lbs)
0834,Drednaw,Bite Pokemon,1.0 m (3'03"),115.5 kg (254.6 lbs)
0835,Yamper,Puppy Pokemon,0.3 m (1'00"),13.5 kg (29.8 lbs)
0836,Boltund,Dog Pokemon,1.0 m (3'03"),34.0 kg (75.0 lbs)
0837,Rolycoly,Coal Pokemon,0.3 m (1'00"),12.0 kg (26.5 lbs)
0838,Carkol,Coal Pokemon,1.1 m (3'07"),78.0 kg (172.0 lbs)
0839,Coalossal,Coal Pokemon,2.8 m (9'02"),310.5 kg (684.5 lbs)
0840,Applin,Apple Core Pokemon,0.2 m (0'08"),0.5 kg (1.1 lbs)
0841,Flapple,Apple Wing Pokemon,0.3 m (1'00"),1.0 kg (2.2 lbs)
0842,Appletun,Apple Nectar Pokemon,0.4 m (1'04"),13.0 kg (28.7 lbs)
0843,Silicobra,Sand Snake Pokemon,2.2 m (7'03"),7.6 kg (16.8 lbs)
0844,Sandaconda,Sand Snake Pokemon,3.8 m (12'06"),65.5 kg (144.4 lbs)
0845,Cramorant,Gulp Pokemon,0.8 m (2'07"),18.0 kg (39.7 lbs)
0846,Arrokuda,Rush Pokemon,0.5 m (1'08"),1.0 kg (2.2 lbs)
0847,Barraskewda,Skewer Pokemon,1.3 m (4'03"),30.0 kg (66.1 lbs)
0848,Toxel,Baby Pokemon,0.4 m (1'04"),11.0 kg (24.3 lbs)
0849,Toxtricity(Amped Form),Punk Pokemon,1.6 m (5'03"),40.0 kg (88.2 lbs)
0849,Toxtricity(Low Key Form),Punk Pokemon,1.6 m (5'03"),40.0 kg (88.2 lbs)
0850,Sizzlipede,Radiator Pokemon,0.7 m (2'04"),1.0 kg (2.2 lbs)
0851,Centiskorch,Radiator Pokemon,3.0 m (9'10"),120.0 kg (264.6 lbs)
0852,Clobbopus,Tantrum Pokemon,0.6 m (2'00"),4.0 kg (8.8 lbs)
0853,Grapploct,Tantrum Pokemon,1.6 m (5'03"),39.0 kg (86.0 lbs)
0854,Sinistea,Black Tea Pokemon,0.1 m (0'04"),0.2 kg (0.4 lbs)
0855,Polteageist,Black Tea Pokemon,0.2 m (0'08"),0.4 kg (0.9 lbs)
0856,Hatenna,Calm Pokemon,0.4 m (1'04"),3.4 kg (7.5 lbs)
0857,Hattrem,Serene Pokemon,0.6 m (2'00"),4.8 kg (10.6 lbs)
0858,Hatterene,Silent Pokemon,2.1 m (6'11"),5.1 kg (11.2 lbs)
0859,Impidimp,Wily Pokemon,0.4 m (1'04"),5.5 kg (12.1 lbs)
0860,Morgrem,Devious Pokemon,0.8 m (2'07"),12.5 kg (27.6 lbs)
0861,Grimmsnarl,Bulk Up Pokemon,1.5 m (4'11"),61.0 kg (134.5 lbs)
0862,Obstagoon,Blocking Pokemon,1.6 m (5'03"),46.0 kg (101.4 lbs)
0863,Perrserker,Viking Pokemon,0.8 m (2'07"),28.0 kg (61.7 lbs)
0864,Cursola,Coral Pokemon,1.0 m (3'03"),0.4 kg (0.9 lbs)
0865,Sirfetch'd,Wild Duck Pokemon,0.8 m (2'07"),117.0 kg (257.9 lbs)
0866,Mr. Rime,Comedian Pokemon,1.5 m (4'11"),58.2 kg (128.3 lbs)
0867,Runerigus,Grudge Pokemon,1.6 m (5'03"),66.6 kg (146.8 lbs)
0868,Milcery,Cream Pokemon,0.2 m (0'08"),0.3 kg (0.7 lbs)
0869,Alcremie,Cream Pokemon,0.3 m (1'00"),0.5 kg (1.1 lbs)
0870,Falinks,Formation Pokemon,3.0 m (9'10"),62.0 kg (136.7 lbs)
0871,Pincurchin,Sea Urchin Pokemon,0.3 m (1'00"),1.0 kg (2.2 lbs)
0872,Snom,Worm Pokemon,0.3 m (1'00"),3.8 kg (8.4 lbs)
0873,Frosmoth,Frost Moth Pokemon,1.3 m (4'03"),42.0 kg (92.6 lbs)
0874,Stonjourner,Big Rock Pokemon,2.5 m (8'02"),520.0 kg (1146.4 lbs)
0875,Eiscue(Ice Face),Penguin Pokemon,1.4 m (4'07"),89.0 kg (196.2 lbs)
0875,Eiscue(Noice Face),Penguin Pokemon,1.4 m (4'07"),89.0 kg (196.2 lbs)
0876,Indeedee(Male),Emotion Pokemon,0.9 m (2'11"),28.0 kg (61.7 lbs)
0876,Indeedee(Female),Emotion Pokemon,0.9 m (2'11"),28.0 kg (61.7 lbs)
0877,Morpeko(Full Belly Mode),Two-Sided Pokemon,0.3 m (1'00"),3.0 kg (6.6 lbs)
0877,Morpeko(Hangry Mode),Two-Sided Pokemon,0.3 m (1'00"),3.0 kg (6.6 lbs)
0878,Cufant,Copperderm Pokemon,1.2 m (3'11"),100.0 kg (220.5 lbs)
0879,Copperajah,Copperderm Pokemon,3.0 m (9'10"),650.0 kg (1433.0 lbs)
0880,Dracozolt,Fossil Pokemon,1.8 m (5'11"),190.0 kg (418.9 lbs)
0881,Arctozolt,Fossil Pokemon,2.3 m (7'07"),150.0 kg (330.7 lbs)
0882,Dracovish,Fossil Pokemon,2.3 m (7'07"),215.0 kg (474.0 lbs)
0883,Arctovish,Fossil Pokemon,2.0 m (6'07"),175.0 kg (385.8 lbs)
0884,Duraludon,Alloy Pokemon,1.8 m (5'11"),40.0 kg (88.2 lbs)
0885,Dreepy,Lingering Pokemon,0.5 m (1'08"),2.0 kg (4.4 lbs)
0886,Drakloak,Caretaker Pokemon,1.4 m (4'07"),11.0 kg (24.3 lbs)
0887,Dragapult,Stealth Pokemon,3.0 m (9'10"),50.0 kg (110.2 lbs)
0888,Zacian(Hero of Many Battles),Warrior Pokemon,2.8 m (9'02"),110.0 kg (242.5 lbs)
0888,Zacian(Crowned Sword),Warrior Pokemon,2.8 m (9'02"),110.0 kg (242.5 lbs)
0889,Zamazenta(Hero of Many Battles),Warrior Pokemon,2.9 m (9'06"),210.0 kg (463.0 lbs)
0889,Zamazenta(Crowned Shield),Warrior Pokemon,2.9 m (9'06"),210.0 kg (463.0 lbs)
0890,Eternatus,Gigantic Pokemon,20.0 m (65'07"),950.0 kg (2094.4 lbs)
0890,Eternatus(Eternamax),Gigantic Pokemon,20.0 m (65'07"),950.0 kg (2094.4 lbs)
0891,Kubfu,Wushu Pokemon,0.6 m (2'00"),12.0 kg (26.5 lbs)
0892,Urshifu(Single Strike Style),Wushu Pokemon,1.9 m (6'03"),105.0 kg (231.5 lbs)
0892,Urshifu(Rapid Strike Style),Wushu Pokemon,1.9 m (6'03"),105.0 kg (231.5 lbs)
0893,Zarude,Rogue Monkey Pokemon,1.8 m (5'11"),70.0 kg (154.3 lbs)
0894,Regieleki,Electron Pokemon,1.2 m (3'11"),145.0 kg (319.7 lbs)
0895,Regidrago,Dragon Orb Pokemon,2.1 m (6'11"),200.0 kg (440.9 lbs)
0896,Glastrier,Wild Horse Pokemon,2.2 m (7'03"),800.0 kg (1763.7 lbs)
0897,Spectrier,Swift Horse Pokemon,2.0 m (6'07"),44.5 kg (98.1 lbs)
0898,Calyrex,King Pokemon,1.1 m (3'07"),7.7 kg (17.0 lbs)
0898,Calyrex(Ice Rider),King Pokemon,1.1 m (3'07"),7.7 kg (17.0 lbs)
0898,Calyrex(Shadow Rider),King Pokemon,1.1 m (3'07"),7.7 kg (17.0 lbs)
0899,Wyrdeer,Big Horn Pokemon,1.8 m (5'11"),95.1 kg (209.7 lbs)
0900,Kleavor,Axe Pokemon,1.8 m (5'11"),89.0 kg (196.2 lbs)
0901,Ursaluna,Peat Pokemon,2.4 m (7'10"),290.0 kg (639.3 lbs)
0901,Ursaluna(Bloodmoon),Peat Pokemon,2.4 m (7'10"),290.0 kg (639.3 lbs)
0902,Basculegion(Male),Big Fish Pokemon,3.0 m (9'10"),110.0 kg (242.5 lbs)
0902,Basculegion(Female),Big Fish Pokemon,3.0 m (9'10"),110.0 kg (242.5 lbs)
0903,Sneasler,Free Climb Pokemon,1.3 m (4'03"),43.0 kg (94.8 lbs)
0904,Overqwil,Pin Cluster Pokemon,2.5 m (8'02"),60.5 kg (133.4 lbs)
0905,Enamorus(Incarnate Forme),Love-Hate Pokemon,1.6 m (5'03"),48.0 kg (105.8 lbs)
0905,Enamorus(Therian Forme),Love-Hate Pokemon,1.6 m (5'03"),48.0 kg (105.8 lbs)
0906,Sprigatito,Grass Cat Pokemon,0.4 m (1'04"),4.1 kg (9.0 lbs)
0907,Floragato,Grass Cat Pokemon,0.9 m (2'11"),12.2 kg (26.9 lbs)
0908,Meowscarada,Magician Pokemon,1.5 m (4'11"),31.2 kg (68.8 lbs)
0909,Fuecoco,Fire Croc Pokemon,0.4 m (1'04"),9.8 kg (21.6 lbs)
0910,Crocalor,Fire Croc Pokemon,1.0 m (3'03"),30.7 kg (67.7 lbs)
0911,Skeledirge,Singer Pokemon,1.6 m (5'03"),326.5 kg (719.8 lbs)
0912,Quaxly,Duckling Pokemon,0.5 m (1'08"),6.1 kg (13.4 lbs)
0913,Quaxwell,Practicing Pokemon,1.2 m (3'11"),21.5 kg (47.4 lbs)
0914,Quaquaval,Dancer Pokemon,1.8 m (5'11"),61.9 kg (136.5 lbs)
0915,Lechonk,Hog Pokemon,0.5 m (1'08"),10.2 kg (22.5 lbs)
0916,Oinkologne(Male),Hog Pokemon,1.0 m (3'03"),120.0 kg (264.6 lbs)
0916,Oinkologne(Female),Hog Pokemon,1.0 m (3'03"),120.0 kg (264.6 lbs)
0917,Tarountula,String Ball Pokemon,0.3 m (1'00"),4.0 kg (8.8 lbs)
0918,Spidops,Trap Pokemon,1.0 m (3'03"),16.5 kg (36.4 lbs)
0919,Nymble,Grasshopper Pokemon,0.2 m (0'08"),1.0 kg (2.2 lbs)
0920,Lokix,Grasshopper Pokemon,1.0 m (3'03"),17.5 kg (38.6 lbs)
0921,Pawmi,Mouse Pokemon,0.3 m (1'00"),2.5 kg (5.5 lbs)
0922,Pawmo,Mouse Pokemon,0.4 m (1'04"),6.5 kg (14.3 lbs)
0923,Pawmot,Hands-On Pokemon,0.9 m (2'11"),41.0 kg (90.4 lbs)
0924,Tandemaus,Couple Pokemon,0.3 m (1'00"),1.8 kg (4.0 lbs)
0925,Maushold(Family of Four),Family Pokemon,0.3 m (1'00"),2.8 kg (6.2 lbs)
0925,Maushold(Family of Three),Family Pokemon,0.3 m (1'00"),2.8 kg (6.2 lbs)
0926,Fidough,Puppy Pokemon,0.3 m (1'00"),10.9 kg (24.0 lbs)
0927,Dachsbun,Dog Pokemon,0.5 m (1'08"),14.9 kg (32.8 lbs)
0928,Smoliv,Olive Pokemon,0.3 m (1'00"),6.5 kg (14.3 lbs)
0929,Dolliv,Olive Pokemon,0.6 m (2'00"),11.9 kg (26.2 lbs)
0930,Arboliva,Olive Pokemon,1.4 m (4'07"),48.2 kg (106.3 lbs)
0931,Squawkabilly(Green Plumage),Parrot Pokemon,0.6 m (2'00"),2.4 kg (5.3 lbs)
0931,Squawkabilly(Blue Plumage),Parrot Pokemon,0.6 m (2'00"),2.4 kg (5.3 lbs)
0931,Squawkabilly(Yellow Plumage),Parrot Pokemon,0.6 m (2'00"),2.4 kg (5.3 lbs)
0931,Squawkabilly(White Plumage),Parrot Pokemon,0.6 m (2'00"),2.4 kg (5.3 lbs)
0932,Nacli,Rock Salt Pokemon,0.4 m (1'04"),16.0 kg (35.3 lbs)
0933,Naclstack,Rock Salt Pokemon,0.6 m (2'00"),105.0 kg (231.5 lbs)
0934,Garganacl,Rock Salt Pokemon,2.3 m (7'07"),240.0 kg (529.1 lbs)
0935,Charcadet,Fire Child Pokemon,0.6 m (2'00"),10.5 kg (23.1 lbs)
0936,Armarouge,Fire Warrior Pokemon,1.5 m (4'11"),85.0 kg (187.4 lbs)
0937,Ceruledge,Fire Blades Pokemon,1.6 m (5'03"),62.0 kg (136.7 lbs)
0938,Tadbulb,EleTadpole Pokemon,0.3 m (1'00"),0.4 kg (0.9 lbs)
0939,Bellibolt,EleFrog Pokemon,1.2 m (3'11"),113.0 kg (249.1 lbs)
0940,Wattrel,Storm Petrel Pokemon,0.4 m (1'04"),3.6 kg (7.9 lbs)
0941,Kilowattrel,Frigatebird Pokemon,1.4 m (4'07"),38.6 kg (85.1 lbs)
0942,Maschiff,Rascal Pokemon,0.5 m (1'08"),16.0 kg (35.3 lbs)
0943,Mabosstiff,Boss Pokemon,1.1 m (3'07"),61.0 kg (134.5 lbs)
0944,Shroodle,Toxic Mouse Pokemon,0.2 m (0'08"),0.7 kg (1.5 lbs)
0945,Grafaiai,Toxic Monkey Pokemon,0.7 m (2'04"),27.2 kg (60.0 lbs)
0946,Bramblin,Tumbleweed Pokemon,0.6 m (2'00"),0.6 kg (1.3 lbs)
0947,Brambleghast,Tumbleweed Pokemon,1.2 m (3'11"),6.0 kg (13.2 lbs)
0948,Toedscool,Woodear Pokemon,0.9 m (2'11"),33.0 kg (72.8 lbs)
0949,Toedscruel,Woodear Pokemon,1.9 m (6'03"),58.0 kg (127.9 lbs)
0950,Klawf,Ambush Pokemon,1.3 m (4'03"),79.0 kg (174.2 lbs)
0951,Capsakid,Spicy Pepper Pokemon,0.3 m (1'00"),3.0 kg (6.6 lbs)
0952,Scovillain,Spicy Pepper Pokemon,0.9 m (2'11"),15.0 kg (33.1 lbs)
0953,Rellor,Rolling Pokemon,0.2 m (0'08"),1.0 kg (2.2 lbs)
0954,Rabsca,Rolling Pokemon,0.3 m (1'00"),3.5 kg (7.7 lbs)
0955,Flittle,Frill Pokemon,0.2 m (0'08"),1.5 kg (3.3 lbs)
0956,Espathra,Ostrich Pokemon,1.9 m (6'03"),90.0 kg (198.4 lbs)
0957,Tinkatink,Metalsmith Pokemon,0.4 m (1'04"),8.9 kg (19.6 lbs)
0958,Tinkatuff,Hammer Pokemon,0.7 m (2'04"),59.1 kg (130.3 lbs)
0959,Tinkaton,Hammer Pokemon,0.7 m (2'04"),112.8 kg (248.7 lbs)
0960,Wiglett,Garden Eel Pokemon,1.2 m (3'11"),1.8 kg (4.0 lbs)
0961,Wugtrio,Garden Eel Pokemon,1.2 m (3'11"),5.4 kg (11.9 lbs)
0962,Bombirdier,Item Drop Pokemon,1.5 m (4'11"),42.9 kg (94.6 lbs)
0963,Finizen,Dolphin Pokemon,1.3 m (4'03"),60.2 kg (132.7 lbs)
0964,Palafin(Zero Form),Dolphin Pokemon,1.3 m (4'03"),60.2 kg (132.7 lbs)
0964,Palafin(Hero Form),Dolphin Pokemon,1.3 m (4'03"),60.2 kg (132.7 lbs)
0965,Varoom,Single-Cyl Pokemon,1.0 m (3'03"),35.0 kg (77.2 lbs)
0966,Revavroom,Multi-Cyl Pokemon,1.8 m (5'11"),120.0 kg (264.6 lbs)
0967,Cyclizar,Mount Pokemon,1.6 m (5'03"),63.0 kg (138.9 lbs)
0968,Orthworm,Earthworm Pokemon,2.5 m (8'02"),310.0 kg (683.4 lbs)
0969,Glimmet,Ore Pokemon,0.7 m (2'04"),8.0 kg (17.6 lbs)
0970,Glimmora,Ore Pokemon,1.5 m (4'11"),45.0 kg (99.2 lbs)
0971,Greavard,Ghost Dog Pokemon,0.6 m (2'00"),35.0 kg (77.2 lbs)
0972,Houndstone,Ghost Dog Pokemon,2.0 m (6'07"),15.0 kg (33.1 lbs)
0973,Flamigo,Synchronize Pokemon,1.6 m (5'03"),37.0 kg (81.6 lbs)
0974,Cetoddle,Terra Whale Pokemon,1.2 m (3'11"),45.0 kg (99.2 lbs)
0975,Cetitan,Terra Whale Pokemon,4.5 m (14'09"),700.0 kg (1543.2 lbs)
0976,Veluza,Jettison Pokemon,2.5 m (8'02"),90.0 kg (198.4 lbs)
0977,Dondozo,Big Catfish Pokemon,12.0 m (39'04"),220.0 kg (485.0 lbs)
0978,Tatsugiri(Curly Form),Mimicry Pokemon,0.3 m (1'00"),8.0 kg (17.6 lbs)
0978,Tatsugiri(Droopy Form),Mimicry Pokemon,0.3 m (1'00"),8.0 kg (17.6 lbs)
0978,Tatsugiri(Stretchy Form),Mimicry Pokemon,0.3 m (1'00"),8.0 kg (17.6 lbs)
0979,Annihilape,Rage Monkey Pokemon,1.2 m (3'11"),56.0 kg (123.5 lbs)
0980,Clodsire,Spiny Fish Pokemon,1.8 m (5'11"),223.0 kg (491.6 lbs)
0981,Farigiraf,Long Neck Pokemon,3.2 m (10'06"),160.0 kg (352.7 lbs)
0982,Dudunsparce(Two-Segment Form),Land Snake Pokemon,3.6 m (11'10"),39.2 kg (86.4 lbs)
0982,Dudunsparce(Three-Segment Form),Land Snake Pokemon,3.6 m (11'10"),39.2 kg (86.4 lbs)
0983,Kingambit,Big Blade Pokemon,2.0 m (6'07"),120.0 kg (264.6 lbs)
0984,Great Tusk,Paradox Pokemon,2.2 m (7'03"),320.0 kg (705.5 lbs)
0985,Scream Tail,Paradox Pokemon,1.2 m (3'11"),8.0 kg (17.6 lbs)
0986,Brute Bonnet,Paradox Pokemon,1.2 m (3'11"),21.0 kg (46.3 lbs)
0987,Flutter Mane,Paradox Pokemon,1.4 m (4'07"),4.0 kg (8.8 lbs)
0988,Slither Wing,Paradox Pokemon,3.2 m (10'06"),92.0 kg (202.8 lbs)
0989,Sandy Shocks,Paradox Pokemon,2.3 m (7'07"),60.0 kg (132.3 lbs)
0990,Iron Treads,Paradox Pokemon,0.9 m (2'11"),240.0 kg (529.1 lbs)
0991,Iron Bundle,Paradox Pokemon,0.6 m (2'00"),11.0 kg (24.3 lbs)
0992,Iron Hands,Paradox Pokemon,1.8 m (5'11"),380.7 kg (839.3 lbs)
0993,Iron Jugulis,Paradox Pokemon,1.3 m (4'03"),111.0 kg (244.7 lbs)
0994,Iron Moth,Paradox Pokemon,1.2 m (3'11"),36.0 kg (79.4 lbs)
0995,Iron Thorns,Paradox Pokemon,1.6 m (5'03"),303.0 kg (668.0 lbs)
0996,Frigibax,Ice Fin Pokemon,0.5 m (1'08"),17.0 kg (37.5 lbs)
0997,Arctibax,Ice Fin Pokemon,0.8 m (2'07"),30.0 kg (66.1 lbs)
0998,Baxcalibur,Ice Dragon Pokemon,2.1 m (6'11"),210.0 kg (463.0 lbs)
0999,Gimmighoul(Chest Form),Coin Chest Pokemon,0.3 m (1'00"),5.0 kg (11.0 lbs)
0999,Gimmighoul(Roaming Form),Coin Chest Pokemon,0.3 m (1'00"),5.0 kg (11.0 lbs)
1000,Gholdengo,Coin Entity Pokemon,1.2 m (3'11"),30.0 kg (66.1 lbs)
1001,Wo-Chien,Ruinous Pokemon,1.5 m (4'11"),74.2 kg (163.6 lbs)
1002,Chien-Pao,Ruinous Pokemon,1.9 m (6'03"),152.2 kg (335.5 lbs)
1003,Ting-Lu,Ruinous Pokemon,2.7 m (8'10"),699.7 kg (1542.6 lbs)
1004,Chi-Yu,Ruinous Pokemon,0.4 m (1'04"),4.9 kg (10.8 lbs)
1005,Roaring Moon,Paradox Pokemon,2.0 m (6'07"),380.0 kg (837.8 lbs)
1006,Iron Valiant,Paradox Pokemon,1.4 m (4'07"),35.0 kg (77.2 lbs)
1007,Koraidon,Paradox Pokemon,2.5 m (8'02"),303.0 kg (668.0 lbs)
1008,Miraidon,Paradox Pokemon,3.5 m (11'06"),240.0 kg (529.1 lbs)
1009,Walking Wake,Paradox Pokemon,3.5 m (11'06"),280.0 kg (617.3 lbs)
1010,Iron Leaves,Paradox Pokemon,1.5 m (4'11"),125.0 kg (275.6 lbs)
1011,Dipplin,Candy Apple Pokemon,0.4 m (1'04"),4.4 kg (9.7 lbs)
1012,Poltchageist,Matcha Pokemon,0.1 m (0'04"),1.1 kg (2.4 lbs)
1013,Sinistcha,Matcha Pokemon,0.2 m (0'08"),2.2 kg (4.9 lbs)
1014,Okidogi,Retainer Pokemon,1.8 m (5'11"),92.0 kg (202.8 lbs)
1015,Munkidori,Retainer Pokemon,1.0 m (3'03"),12.2 kg (26.9 lbs)
1016,Fezandipiti,Retainer Pokemon,1.4 m (4'07"),30.1 kg (66.4 lbs)
1017,Ogerpon(Teal Mask),Mask Pokemon,1.2 m (3'11"),39.8 kg (87.7 lbs)
1017,Ogerpon(Wellspring Mask),Mask Pokemon,1.2 m (3'11"),39.8 kg (87.7 lbs)
1017,Ogerpon(Hearthflame Mask),Mask Pokemon,1.2 m (3'11"),39.8 kg (87.7 lbs)
1017,Ogerpon(Cornerstone Mask),Mask Pokemon,1.2 m (3'11"),39.8 kg (87.7 lbs)
1018,Archaludon,Alloy Pokemon,2.0 m (6'07"),60.0 kg (132.3 lbs)
1019,Hydrapple,—,1.8 m (5'11"),93.0 kg (205.0 lbs)
1020,Gouging Fire,Paradox Pokemon,3.5 m (11'06"),590.0 kg (1300.7 lbs)
1021,Raging Bolt,Paradox Pokemon,5.2 m (17'01"),480.0 kg (1058.2 lbs)
1022,Iron Boulder,Paradox Pokemon,1.5 m (4'11"),162.5 kg (358.3 lbs)
1023,Iron Crown,Paradox Pokemon,1.6 m (5'03"),156.0 kg (343.9 lbs)
1024,Terapagos(Normal Form),Tera Pokemon,0.2 m (0'08"),6.5 kg (14.3 lbs)
1024,Terapagos(Terastal Form),Tera Pokemon,0.2 m (0'08"),6.5 kg (14.3 lbs)
1024,Terapagos(Stellar Form),Tera Pokemon,0.2 m (0'08"),6.5 kg (14.3 lbs)
1025,Pecharunt,Subjugation Pokemon,0.3 m (1'00"),0.3 kg (0.7 lbs)
