pokedex_id,abilities
0001,"['Overgrow', 'Chlorophyll']"
0002,"['Overgrow', 'Chlorophyll']"
0003,"['Overgrow', 'Chlorophyll']"
0003,"['Overgrow', 'Chlorophyll']"
0004,"['Blaze', 'Solar Power']"
0005,"['Blaze', 'Solar Power']"
0006,"['Blaze', 'Solar Power']"
0006,"['Blaze', 'Solar Power']"
0006,"['Blaze', 'Solar Power']"
0007,"['Torrent', 'Rain Dish']"
0008,"['Torrent', 'Rain Dish']"
0009,"['Torrent', 'Rain Dish']"
0009,"['Torrent', 'Rain Dish']"
0010,"['Shield Dust', 'Run Away']"
0011,['Shed Skin']
0012,"['Compound Eyes', 'Tinted Lens']"
0013,"['Shield Dust', 'Run Away']"
0014,['Shed Skin']
0015,"['Swarm', 'Sniper']"
0015,"['Swarm', 'Sniper']"
0016,"['Keen Eye', 'Tangled Feet', 'Big Pecks']"
0017,"['Keen Eye', 'Tangled Feet', 'Big Pecks']"
0018,"['Keen Eye', 'Tangled Feet', 'Big Pecks']"
0018,"['Keen Eye', 'Tangled Feet', 'Big Pecks']"
0019,"['Run Away', 'Guts', 'Hustle']"
0019,"['Run Away', 'Guts', 'Hustle']"
0020,"['Run Away', 'Guts', 'Hustle']"
0020,"['Run Away', 'Guts', 'Hustle']"
0021,"['Keen Eye', 'Sniper']"
0022,"['Keen Eye', 'Sniper']"
0023,"['Intimidate', 'Shed Skin', 'Unnerve']"
0024,"['Intimidate', 'Shed Skin', 'Unnerve']"
0025,"['Static', 'Lightning Rod']"
0025,"['Static', 'Lightning Rod']"
0026,"['Static', 'Lightning Rod']"
0026,"['Static', 'Lightning Rod']"
0027,"['Sand Veil', 'Sand Rush']"
0027,"['Sand Veil', 'Sand Rush']"
0028,"['Sand Veil', 'Sand Rush']"
0028,"['Sand Veil', 'Sand Rush']"
0029,"['Poison Point', 'Rivalry', 'Hustle']"
0030,"['Poison Point', 'Rivalry', 'Hustle']"
0031,"['Poison Point', 'Rivalry', 'Sheer Force']"
0032,"['Poison Point', 'Rivalry', 'Hustle']"
0033,"['Poison Point', 'Rivalry', 'Hustle']"
0034,"['Poison Point', 'Rivalry', 'Sheer Force']"
0035,"['Cute Charm', 'Magic Guard', 'Friend Guard']"
0036,"['Cute Charm', 'Magic Guard', 'Unaware']"
0037,"['Flash Fire', 'Drought']"
0037,"['Flash Fire', 'Drought']"
0038,"['Flash Fire', 'Drought']"
0038,"['Flash Fire', 'Drought']"
0039,"['Cute Charm', 'Competitive', 'Friend Guard']"
0040,"['Cute Charm', 'Competitive', 'Frisk']"
0041,"['Inner Focus', 'Infiltrator']"
0042,"['Inner Focus', 'Infiltrator']"
0043,"['Chlorophyll', 'Run Away']"
0044,"['Chlorophyll', 'Stench']"
0045,"['Chlorophyll', 'Effect Spore']"
0046,"['Effect Spore', 'Dry Skin', 'Damp']"
0047,"['Effect Spore', 'Dry Skin', 'Damp']"
0048,"['Compound Eyes', 'Tinted Lens', 'Run Away']"
0049,"['Shield Dust', 'Tinted Lens', 'Wonder Skin']"
0050,"['Sand Veil', 'Arena Trap', 'Sand Force']"
0050,"['Sand Veil', 'Arena Trap', 'Sand Force']"
0051,"['Sand Veil', 'Arena Trap', 'Sand Force']"
0051,"['Sand Veil', 'Arena Trap', 'Sand Force']"
0052,"['Pickup', 'Technician', 'Unnerve']"
0052,"['Pickup', 'Technician', 'Unnerve']"
0052,"['Pickup', 'Technician', 'Unnerve']"
0053,"['Limber', 'Technician', 'Unnerve']"
0053,"['Limber', 'Technician', 'Unnerve']"
0054,"['Damp', 'Cloud Nine', 'Swift Swim']"
0055,"['Damp', 'Cloud Nine', 'Swift Swim']"
0056,"['Vital Spirit', 'Anger Point', 'Defiant']"
0057,"['Vital Spirit', 'Anger Point', 'Defiant']"
0058,"['Intimidate', 'Flash Fire', 'Justified']"
0058,"['Intimidate', 'Flash Fire', 'Justified']"
0059,"['Intimidate', 'Flash Fire', 'Justified']"
0059,"['Intimidate', 'Flash Fire', 'Justified']"
0060,"['Water Absorb', 'Damp', 'Swift Swim']"
0061,"['Water Absorb', 'Damp', 'Swift Swim']"
0062,"['Water Absorb', 'Damp', 'Swift Swim']"
0063,"['Synchronize', 'Inner Focus', 'Magic Guard']"
0064,"['Synchronize', 'Inner Focus', 'Magic Guard']"
0065,"['Synchronize', 'Inner Focus', 'Magic Guard']"
0065,"['Synchronize', 'Inner Focus', 'Magic Guard']"
0066,"['Guts', 'No Guard', 'Steadfast']"
0067,"['Guts', 'No Guard', 'Steadfast']"
0068,"['Guts', 'No Guard', 'Steadfast']"
0069,"['Chlorophyll', 'Gluttony']"
0070,"['Chlorophyll', 'Gluttony']"
0071,"['Chlorophyll', 'Gluttony']"
0072,"['Clear Body', 'Liquid Ooze', 'Rain Dish']"
0073,"['Clear Body', 'Liquid Ooze', 'Rain Dish']"
0074,"['Rock Head', 'Sturdy', 'Sand Veil']"
0074,"['Rock Head', 'Sturdy', 'Sand Veil']"
0075,"['Rock Head', 'Sturdy', 'Sand Veil']"
0075,"['Rock Head', 'Sturdy', 'Sand Veil']"
0076,"['Rock Head', 'Sturdy', 'Sand Veil']"
0076,"['Rock Head', 'Sturdy', 'Sand Veil']"
0077,"['Run Away', 'Flash Fire', 'Flame Body']"
0077,"['Run Away', 'Flash Fire', 'Flame Body']"
0078,"['Run Away', 'Flash Fire', 'Flame Body']"
0078,"['Run Away', 'Flash Fire', 'Flame Body']"
0079,"['Oblivious', 'Own Tempo', 'Regenerator']"
0079,"['Oblivious', 'Own Tempo', 'Regenerator']"
0080,"['Oblivious', 'Own Tempo', 'Regenerator']"
0080,"['Oblivious', 'Own Tempo', 'Regenerator']"
0080,"['Oblivious', 'Own Tempo', 'Regenerator']"
0081,"['Magnet Pull', 'Sturdy', 'Analytic']"
0082,"['Magnet Pull', 'Sturdy', 'Analytic']"
0083,"['Keen Eye', 'Inner Focus', 'Defiant']"
0083,"['Keen Eye', 'Inner Focus', 'Defiant']"
0084,"['Run Away', 'Early Bird', 'Tangled Feet']"
0085,"['Run Away', 'Early Bird', 'Tangled Feet']"
0086,"['Thick Fat', 'Hydration', 'Ice Body']"
0087,"['Thick Fat', 'Hydration', 'Ice Body']"
0088,"['Stench', 'Sticky Hold', 'Poison Touch']"
0088,"['Stench', 'Sticky Hold', 'Poison Touch']"
0089,"['Stench', 'Sticky Hold', 'Poison Touch']"
0089,"['Stench', 'Sticky Hold', 'Poison Touch']"
0090,"['Shell Armor', 'Skill Link', 'Overcoat']"
0091,"['Shell Armor', 'Skill Link', 'Overcoat']"
0092,['Levitate']
0093,['Levitate']
0094,['Cursed Body']
0094,['Cursed Body']
0095,"['Rock Head', 'Sturdy', 'Weak Armor']"
0096,"['Insomnia', 'Forewarn', 'Inner Focus']"
0097,"['Insomnia', 'Forewarn', 'Inner Focus']"
0098,"['Hyper Cutter', 'Shell Armor', 'Sheer Force']"
0099,"['Hyper Cutter', 'Shell Armor', 'Sheer Force']"
0100,"['Soundproof', 'Static', 'Aftermath']"
0100,"['Soundproof', 'Static', 'Aftermath']"
0101,"['Soundproof', 'Static', 'Aftermath']"
0101,"['Soundproof', 'Static', 'Aftermath']"
0102,"['Chlorophyll', 'Harvest']"
0103,"['Chlorophyll', 'Harvest']"
0103,"['Chlorophyll', 'Harvest']"
0104,"['Rock Head', 'Lightning Rod', 'Battle Armor']"
0105,"['Rock Head', 'Lightning Rod', 'Battle Armor']"
0105,"['Rock Head', 'Lightning Rod', 'Battle Armor']"
0106,"['Limber', 'Reckless', 'Unburden']"
0107,"['Keen Eye', 'Iron Fist', 'Inner Focus']"
0108,"['Own Tempo', 'Oblivious', 'Cloud Nine']"
0109,"['Levitate', 'Neutralizing Gas', 'Stench']"
0110,"['Levitate', 'Neutralizing Gas', 'Stench']"
0110,"['Levitate', 'Neutralizing Gas', 'Stench']"
0111,"['Lightning Rod', 'Rock Head', 'Reckless']"
0112,"['Lightning Rod', 'Rock Head', 'Reckless']"
0113,"['Natural Cure', 'Serene Grace', 'Healer']"
0114,"['Chlorophyll', 'Leaf Guard', 'Regenerator']"
0115,"['Early Bird', 'Scrappy', 'Inner Focus']"
0115,"['Early Bird', 'Scrappy', 'Inner Focus']"
0116,"['Swift Swim', 'Sniper', 'Damp']"
0117,"['Poison Point', 'Sniper', 'Damp']"
0118,"['Swift Swim', 'Water Veil', 'Lightning Rod']"
0119,"['Swift Swim', 'Water Veil', 'Lightning Rod']"
0120,"['Illuminate', 'Natural Cure', 'Analytic']"
0121,"['Illuminate', 'Natural Cure', 'Analytic']"
0122,"['Soundproof', 'Filter', 'Technician']"
0122,"['Soundproof', 'Filter', 'Technician']"
0123,"['Swarm', 'Technician', 'Steadfast']"
0124,"['Oblivious', 'Forewarn', 'Dry Skin']"
0125,"['Static', 'Vital Spirit']"
0126,"['Flame Body', 'Vital Spirit']"
0127,"['Hyper Cutter', 'Mold Breaker', 'Moxie']"
0127,"['Hyper Cutter', 'Mold Breaker', 'Moxie']"
0128,"['Intimidate', 'Anger Point', 'Sheer Force']"
0128,"['Intimidate', 'Anger Point', 'Sheer Force']"
0128,"['Intimidate', 'Anger Point', 'Sheer Force']"
0128,"['Intimidate', 'Anger Point', 'Sheer Force']"
0129,"['Swift Swim', 'Rattled']"
0130,"['Intimidate', 'Moxie']"
0130,"['Intimidate', 'Moxie']"
0131,"['Water Absorb', 'Shell Armor', 'Hydration']"
0132,"['Limber', 'Imposter']"
0133,"['Run Away', 'Adaptability', 'Anticipation']"
0133,"['Run Away', 'Adaptability', 'Anticipation']"
0134,"['Water Absorb', 'Hydration']"
0135,"['Volt Absorb', 'Quick Feet']"
0136,"['Flash Fire', 'Guts']"
0137,"['Trace', 'Download', 'Analytic']"
0138,"['Swift Swim', 'Shell Armor', 'Weak Armor']"
0139,"['Swift Swim', 'Shell Armor', 'Weak Armor']"
0140,"['Swift Swim', 'Battle Armor', 'Weak Armor']"
0141,"['Swift Swim', 'Battle Armor', 'Weak Armor']"
0142,"['Rock Head', 'Pressure', 'Unnerve']"
0142,"['Rock Head', 'Pressure', 'Unnerve']"
0143,"['Immunity', 'Thick Fat', 'Gluttony']"
0144,"['Pressure', 'Snow Cloak']"
0144,"['Pressure', 'Snow Cloak']"
0145,"['Pressure', 'Static']"
0145,"['Pressure', 'Static']"
0146,"['Pressure', 'Flame Body']"
0146,"['Pressure', 'Flame Body']"
0147,"['Shed Skin', 'Marvel Scale']"
0148,"['Shed Skin', 'Marvel Scale']"
0149,"['Inner Focus', 'Multiscale']"
0150,"['Pressure', 'Unnerve']"
0150,"['Pressure', 'Unnerve']"
0150,"['Pressure', 'Unnerve']"
0151,['Synchronize']
0152,"['Overgrow', 'Leaf Guard']"
0153,"['Overgrow', 'Leaf Guard']"
0154,"['Overgrow', 'Leaf Guard']"
0155,"['Blaze', 'Flash Fire']"
0156,"['Blaze', 'Flash Fire']"
0157,"['Blaze', 'Flash Fire']"
0157,"['Blaze', 'Flash Fire']"
0158,"['Torrent', 'Sheer Force']"
0159,"['Torrent', 'Sheer Force']"
0160,"['Torrent', 'Sheer Force']"
0161,"['Run Away', 'Keen Eye', 'Frisk']"
0162,"['Run Away', 'Keen Eye', 'Frisk']"
0163,"['Insomnia', 'Keen Eye', 'Tinted Lens']"
0164,"['Insomnia', 'Keen Eye', 'Tinted Lens']"
0165,"['Swarm', 'Early Bird', 'Rattled']"
0166,"['Swarm', 'Early Bird', 'Iron Fist']"
0167,"['Swarm', 'Insomnia', 'Sniper']"
0168,"['Swarm', 'Insomnia', 'Sniper']"
0169,"['Inner Focus', 'Infiltrator']"
0170,"['Volt Absorb', 'Illuminate', 'Water Absorb']"
0171,"['Volt Absorb', 'Illuminate', 'Water Absorb']"
0172,"['Static', 'Lightning Rod']"
0173,"['Cute Charm', 'Magic Guard', 'Friend Guard']"
0174,"['Cute Charm', 'Competitive', 'Friend Guard']"
0175,"['Hustle', 'Serene Grace', 'Super Luck']"
0176,"['Hustle', 'Serene Grace', 'Super Luck']"
0177,"['Synchronize', 'Early Bird', 'Magic Bounce']"
0178,"['Synchronize', 'Early Bird', 'Magic Bounce']"
0179,"['Static', 'Plus']"
0180,"['Static', 'Plus']"
0181,"['Static', 'Plus']"
0181,"['Static', 'Plus']"
0182,"['Chlorophyll', 'Healer']"
0183,"['Thick Fat', 'Huge Power', 'Sap Sipper']"
0184,"['Thick Fat', 'Huge Power', 'Sap Sipper']"
0185,"['Sturdy', 'Rock Head', 'Rattled']"
0186,"['Water Absorb', 'Damp', 'Drizzle']"
0187,"['Chlorophyll', 'Leaf Guard', 'Infiltrator']"
0188,"['Chlorophyll', 'Leaf Guard', 'Infiltrator']"
0189,"['Chlorophyll', 'Leaf Guard', 'Infiltrator']"
0190,"['Run Away', 'Pickup', 'Skill Link']"
0191,"['Chlorophyll', 'Solar Power', 'Early Bird']"
0192,"['Chlorophyll', 'Solar Power', 'Early Bird']"
0193,"['Speed Boost', 'Compound Eyes', 'Frisk']"
0194,"['Damp', 'Water Absorb', 'Unaware']"
0194,"['Damp', 'Water Absorb', 'Unaware']"
0195,"['Damp', 'Water Absorb', 'Unaware']"
0196,"['Synchronize', 'Magic Bounce']"
0197,"['Synchronize', 'Inner Focus']"
0198,"['Insomnia', 'Super Luck', 'Prankster']"
0199,"['Oblivious', 'Own Tempo', 'Regenerator']"
0199,"['Oblivious', 'Own Tempo', 'Regenerator']"
0200,['Levitate']
0201,['Levitate']
0202,"['Shadow Tag', 'Telepathy']"
0203,"['Inner Focus', 'Early Bird', 'Sap Sipper']"
0204,"['Sturdy', 'Overcoat']"
0205,"['Sturdy', 'Overcoat']"
0206,"['Serene Grace', 'Run Away', 'Rattled']"
0207,"['Hyper Cutter', 'Sand Veil', 'Immunity']"
0208,"['Rock Head', 'Sturdy', 'Sheer Force']"
0208,"['Rock Head', 'Sturdy', 'Sheer Force']"
0209,"['Intimidate', 'Run Away', 'Rattled']"
0210,"['Intimidate', 'Quick Feet', 'Rattled']"
0211,"['Poison Point', 'Swift Swim', 'Intimidate']"
0211,"['Poison Point', 'Swift Swim', 'Intimidate']"
0212,"['Swarm', 'Technician', 'Light Metal']"
0212,"['Swarm', 'Technician', 'Light Metal']"
0213,"['Sturdy', 'Gluttony', 'Contrary']"
0214,"['Swarm', 'Guts', 'Moxie']"
0214,"['Swarm', 'Guts', 'Moxie']"
0215,"['Inner Focus', 'Keen Eye', 'Pickpocket']"
0215,"['Inner Focus', 'Keen Eye', 'Pickpocket']"
0216,"['Pickup', 'Quick Feet', 'Honey Gather']"
0217,"['Guts', 'Quick Feet', 'Unnerve']"
0218,"['Magma Armor', 'Flame Body', 'Weak Armor']"
0219,"['Magma Armor', 'Flame Body', 'Weak Armor']"
0220,"['Oblivious', 'Snow Cloak', 'Thick Fat']"
0221,"['Oblivious', 'Snow Cloak', 'Thick Fat']"
0222,"['Hustle', 'Natural Cure', 'Regenerator']"
0222,"['Hustle', 'Natural Cure', 'Regenerator']"
0223,"['Hustle', 'Sniper', 'Moody']"
0224,"['Suction Cups', 'Sniper', 'Moody']"
0225,"['Vital Spirit', 'Hustle', 'Insomnia']"
0226,"['Swift Swim', 'Water Absorb', 'Water Veil']"
0227,"['Keen Eye', 'Sturdy', 'Weak Armor']"
0228,"['Early Bird', 'Flash Fire', 'Unnerve']"
0229,"['Early Bird', 'Flash Fire', 'Unnerve']"
0229,"['Early Bird', 'Flash Fire', 'Unnerve']"
0230,"['Swift Swim', 'Sniper', 'Damp']"
0231,"['Pickup', 'Sand Veil']"
0232,"['Sturdy', 'Sand Veil']"
0233,"['Trace', 'Download', 'Analytic']"
0234,"['Intimidate', 'Frisk', 'Sap Sipper']"
0235,"['Own Tempo', 'Technician', 'Moody']"
0236,"['Guts', 'Steadfast', 'Vital Spirit']"
0237,"['Intimidate', 'Technician', 'Steadfast']"
0238,"['Oblivious', 'Forewarn', 'Hydration']"
0239,"['Static', 'Vital Spirit']"
0240,"['Flame Body', 'Vital Spirit']"
0241,"['Thick Fat', 'Scrappy', 'Sap Sipper']"
0242,"['Natural Cure', 'Serene Grace', 'Healer']"
0243,"['Pressure', 'Inner Focus']"
0244,"['Pressure', 'Inner Focus']"
0245,"['Pressure', 'Inner Focus']"
0246,"['Guts', 'Sand Veil']"
0247,['Shed Skin']
0248,"['Sand Stream', 'Unnerve']"
0248,"['Sand Stream', 'Unnerve']"
0249,"['Pressure', 'Multiscale']"
0250,"['Pressure', 'Regenerator']"
0251,['Natural Cure']
0252,"['Overgrow', 'Unburden']"
0253,"['Overgrow', 'Unburden']"
0254,"['Overgrow', 'Unburden']"
0254,"['Overgrow', 'Unburden']"
0255,"['Blaze', 'Speed Boost']"
0256,"['Blaze', 'Speed Boost']"
0257,"['Blaze', 'Speed Boost']"
0257,"['Blaze', 'Speed Boost']"
0258,"['Torrent', 'Damp']"
0259,"['Torrent', 'Damp']"
0260,"['Torrent', 'Damp']"
0260,"['Torrent', 'Damp']"
0261,"['Run Away', 'Quick Feet', 'Rattled']"
0262,"['Intimidate', 'Quick Feet', 'Moxie']"
0263,"['Pickup', 'Gluttony', 'Quick Feet']"
0263,"['Pickup', 'Gluttony', 'Quick Feet']"
0264,"['Pickup', 'Gluttony', 'Quick Feet']"
0264,"['Pickup', 'Gluttony', 'Quick Feet']"
0265,"['Shield Dust', 'Run Away']"
0266,['Shed Skin']
0267,"['Swarm', 'Rivalry']"
0268,['Shed Skin']
0269,"['Shield Dust', 'Compound Eyes']"
0270,"['Swift Swim', 'Rain Dish', 'Own Tempo']"
0271,"['Swift Swim', 'Rain Dish', 'Own Tempo']"
0272,"['Swift Swim', 'Rain Dish', 'Own Tempo']"
0273,"['Chlorophyll', 'Early Bird', 'Pickpocket']"
0274,"['Chlorophyll', 'Early Bird', 'Pickpocket']"
0275,"['Chlorophyll', 'Early Bird', 'Pickpocket']"
0276,"['Guts', 'Scrappy']"
0277,"['Guts', 'Scrappy']"
0278,"['Keen Eye', 'Hydration', 'Rain Dish']"
0279,"['Keen Eye', 'Drizzle', 'Rain Dish']"
0280,"['Synchronize', 'Trace', 'Telepathy']"
0281,"['Synchronize', 'Trace', 'Telepathy']"
0282,"['Synchronize', 'Trace', 'Telepathy']"
0282,"['Synchronize', 'Trace', 'Telepathy']"
0283,"['Swift Swim', 'Rain Dish']"
0284,"['Intimidate', 'Unnerve']"
0285,"['Effect Spore', 'Poison Heal', 'Quick Feet']"
0286,"['Effect Spore', 'Poison Heal', 'Technician']"
0287,['Truant']
0288,['Vital Spirit']
0289,['Truant']
0290,"['Compound Eyes', 'Run Away']"
0291,"['Speed Boost', 'Infiltrator']"
0292,['Wonder Guard']
0293,"['Soundproof', 'Rattled']"
0294,"['Soundproof', 'Scrappy']"
0295,"['Soundproof', 'Scrappy']"
0296,"['Thick Fat', 'Guts', 'Sheer Force']"
0297,"['Thick Fat', 'Guts', 'Sheer Force']"
0298,"['Thick Fat', 'Huge Power', 'Sap Sipper']"
0299,"['Sturdy', 'Magnet Pull', 'Sand Force']"
0300,"['Cute Charm', 'Normalize', 'Wonder Skin']"
0301,"['Cute Charm', 'Normalize', 'Wonder Skin']"
0302,"['Keen Eye', 'Stall', 'Prankster']"
0302,"['Keen Eye', 'Stall', 'Prankster']"
0303,"['Hyper Cutter', 'Intimidate', 'Sheer Force']"
0303,"['Hyper Cutter', 'Intimidate', 'Sheer Force']"
0304,"['Sturdy', 'Rock Head', 'Heavy Metal']"
0305,"['Sturdy', 'Rock Head', 'Heavy Metal']"
0306,"['Sturdy', 'Rock Head', 'Heavy Metal']"
0306,"['Sturdy', 'Rock Head', 'Heavy Metal']"
0307,"['Pure Power', 'Telepathy']"
0308,"['Pure Power', 'Telepathy']"
0308,"['Pure Power', 'Telepathy']"
0309,"['Static', 'Lightning Rod', 'Minus']"
0310,"['Static', 'Lightning Rod', 'Minus']"
0310,"['Static', 'Lightning Rod', 'Minus']"
0311,"['Plus', 'Lightning Rod']"
0312,"['Minus', 'Volt Absorb']"
0313,"['Illuminate', 'Swarm', 'Prankster']"
0314,"['Oblivious', 'Tinted Lens', 'Prankster']"
0315,"['Natural Cure', 'Poison Point', 'Leaf Guard']"
0316,"['Liquid Ooze', 'Sticky Hold', 'Gluttony']"
0317,"['Liquid Ooze', 'Sticky Hold', 'Gluttony']"
0318,"['Rough Skin', 'Speed Boost']"
0319,"['Rough Skin', 'Speed Boost']"
0319,"['Rough Skin', 'Speed Boost']"
0320,"['Water Veil', 'Oblivious', 'Pressure']"
0321,"['Water Veil', 'Oblivious', 'Pressure']"
0322,"['Oblivious', 'Simple', 'Own Tempo']"
0323,"['Magma Armor', 'Solid Rock', 'Anger Point']"
0323,"['Magma Armor', 'Solid Rock', 'Anger Point']"
0324,"['White Smoke', 'Drought', 'Shell Armor']"
0325,"['Thick Fat', 'Own Tempo', 'Gluttony']"
0326,"['Thick Fat', 'Own Tempo', 'Gluttony']"
0327,"['Own Tempo', 'Tangled Feet', 'Contrary']"
0328,"['Hyper Cutter', 'Arena Trap', 'Sheer Force']"
0329,['Levitate']
0330,['Levitate']
0331,"['Sand Veil', 'Water Absorb']"
0332,"['Sand Veil', 'Water Absorb']"
0333,"['Natural Cure', 'Cloud Nine']"
0334,"['Natural Cure', 'Cloud Nine']"
0334,"['Natural Cure', 'Cloud Nine']"
0335,"['Immunity', 'Toxic Boost']"
0336,"['Shed Skin', 'Infiltrator']"
0337,['Levitate']
0338,['Levitate']
0339,"['Oblivious', 'Anticipation', 'Hydration']"
0340,"['Oblivious', 'Anticipation', 'Hydration']"
0341,"['Hyper Cutter', 'Shell Armor', 'Adaptability']"
0342,"['Hyper Cutter', 'Shell Armor', 'Adaptability']"
0343,['Levitate']
0344,['Levitate']
0345,"['Suction Cups', 'Storm Drain']"
0346,"['Suction Cups', 'Storm Drain']"
0347,"['Battle Armor', 'Swift Swim']"
0348,"['Battle Armor', 'Swift Swim']"
0349,"['Swift Swim', 'Oblivious', 'Adaptability']"
0350,"['Marvel Scale', 'Competitive', 'Cute Charm']"
0351,['Forecast']
0351,['Forecast']
0351,['Forecast']
0351,['Forecast']
0352,"['Color Change', 'Protean']"
0353,"['Insomnia', 'Frisk', 'Cursed Body']"
0354,"['Insomnia', 'Frisk', 'Cursed Body']"
0354,"['Insomnia', 'Frisk', 'Cursed Body']"
0355,"['Levitate', 'Frisk']"
0356,"['Pressure', 'Frisk']"
0357,"['Chlorophyll', 'Solar Power', 'Harvest']"
0358,['Levitate']
0359,"['Pressure', 'Super Luck', 'Justified']"
0359,"['Pressure', 'Super Luck', 'Justified']"
0360,"['Shadow Tag', 'Telepathy']"
0361,"['Inner Focus', 'Ice Body', 'Moody']"
0362,"['Inner Focus', 'Ice Body', 'Moody']"
0362,"['Inner Focus', 'Ice Body', 'Moody']"
0363,"['Thick Fat', 'Ice Body', 'Oblivious']"
0364,"['Thick Fat', 'Ice Body', 'Oblivious']"
0365,"['Thick Fat', 'Ice Body', 'Oblivious']"
0366,"['Shell Armor', 'Rattled']"
0367,"['Swift Swim', 'Water Veil']"
0368,"['Swift Swim', 'Hydration']"
0369,"['Swift Swim', 'Rock Head', 'Sturdy']"
0370,"['Swift Swim', 'Hydration']"
0371,"['Rock Head', 'Sheer Force']"
0372,"['Rock Head', 'Overcoat']"
0373,"['Intimidate', 'Moxie']"
0373,"['Intimidate', 'Moxie']"
0374,"['Clear Body', 'Light Metal']"
0375,"['Clear Body', 'Light Metal']"
0376,"['Clear Body', 'Light Metal']"
0376,"['Clear Body', 'Light Metal']"
0377,"['Clear Body', 'Sturdy']"
0378,"['Clear Body', 'Ice Body']"
0379,"['Clear Body', 'Light Metal']"
0380,['Levitate']
0380,['Levitate']
0381,['Levitate']
0381,['Levitate']
0382,['Drizzle']
0382,['Drizzle']
0383,['Drought']
0383,['Drought']
0384,['Air Lock']
0384,['Air Lock']
0385,['Serene Grace']
0386,['Pressure']
0386,['Pressure']
0386,['Pressure']
0386,['Pressure']
0387,"['Overgrow', 'Shell Armor']"
0388,"['Overgrow', 'Shell Armor']"
0389,"['Overgrow', 'Shell Armor']"
0390,"['Blaze', 'Iron Fist']"
0391,"['Blaze', 'Iron Fist']"
0392,"['Blaze', 'Iron Fist']"
0393,"['Torrent', 'Defiant']"
0394,"['Torrent', 'Defiant']"
0395,"['Torrent', 'Defiant']"
0396,"['Keen Eye', 'Reckless']"
0397,"['Intimidate', 'Reckless']"
0398,"['Intimidate', 'Reckless']"
0399,"['Simple', 'Unaware', 'Moody']"
0400,"['Simple', 'Unaware', 'Moody']"
0401,"['Shed Skin', 'Run Away']"
0402,"['Swarm', 'Technician']"
0403,"['Rivalry', 'Intimidate', 'Guts']"
0404,"['Rivalry', 'Intimidate', 'Guts']"
0405,"['Rivalry', 'Intimidate', 'Guts']"
0406,"['Natural Cure', 'Poison Point', 'Leaf Guard']"
0407,"['Natural Cure', 'Poison Point', 'Technician']"
0408,"['Mold Breaker', 'Sheer Force']"
0409,"['Mold Breaker', 'Sheer Force']"
0410,"['Sturdy', 'Soundproof']"
0411,"['Sturdy', 'Soundproof']"
0412,"['Shed Skin', 'Overcoat']"
0412,"['Shed Skin', 'Overcoat']"
0412,"['Shed Skin', 'Overcoat']"
0413,"['Anticipation', 'Overcoat']"
0413,"['Anticipation', 'Overcoat']"
0413,"['Anticipation', 'Overcoat']"
0414,"['Swarm', 'Tinted Lens']"
0415,"['Honey Gather', 'Hustle']"
0416,"['Pressure', 'Unnerve']"
0417,"['Run Away', 'Pickup', 'Volt Absorb']"
0418,"['Swift Swim', 'Water Veil']"
0419,"['Swift Swim', 'Water Veil']"
0420,['Chlorophyll']
0421,['Flower Gift']
0422,"['Sticky Hold', 'Storm Drain', 'Sand Force']"
0423,"['Sticky Hold', 'Storm Drain', 'Sand Force']"
0424,"['Technician', 'Pickup', 'Skill Link']"
0425,"['Aftermath', 'Unburden', 'Flare Boost']"
0426,"['Aftermath', 'Unburden', 'Flare Boost']"
0427,"['Run Away', 'Klutz', 'Limber']"
0428,"['Cute Charm', 'Klutz', 'Limber']"
0428,"['Cute Charm', 'Klutz', 'Limber']"
0429,['Levitate']
0430,"['Insomnia', 'Super Luck', 'Moxie']"
0431,"['Limber', 'Own Tempo', 'Keen Eye']"
0432,"['Thick Fat', 'Own Tempo', 'Defiant']"
0433,['Levitate']
0434,"['Stench', 'Aftermath', 'Keen Eye']"
0435,"['Stench', 'Aftermath', 'Keen Eye']"
0436,"['Levitate', 'Heatproof', 'Heavy Metal']"
0437,"['Levitate', 'Heatproof', 'Heavy Metal']"
0438,"['Sturdy', 'Rock Head', 'Rattled']"
0439,"['Soundproof', 'Filter', 'Technician']"
0440,"['Natural Cure', 'Serene Grace', 'Friend Guard']"
0441,"['Keen Eye', 'Tangled Feet', 'Big Pecks']"
0442,"['Pressure', 'Infiltrator']"
0443,"['Sand Veil', 'Rough Skin']"
0444,"['Sand Veil', 'Rough Skin']"
0445,"['Sand Veil', 'Rough Skin']"
0445,"['Sand Veil', 'Rough Skin']"
0446,"['Pickup', 'Thick Fat', 'Gluttony']"
0447,"['Steadfast', 'Inner Focus', 'Prankster']"
0448,"['Steadfast', 'Inner Focus', 'Justified']"
0448,"['Steadfast', 'Inner Focus', 'Justified']"
0449,"['Sand Stream', 'Sand Force']"
0450,"['Sand Stream', 'Sand Force']"
0451,"['Battle Armor', 'Sniper', 'Keen Eye']"
0452,"['Battle Armor', 'Sniper', 'Keen Eye']"
0453,"['Anticipation', 'Dry Skin', 'Poison Touch']"
0454,"['Anticipation', 'Dry Skin', 'Poison Touch']"
0455,['Levitate']
0456,"['Swift Swim', 'Storm Drain', 'Water Veil']"
0457,"['Swift Swim', 'Storm Drain', 'Water Veil']"
0458,"['Swift Swim', 'Water Absorb', 'Water Veil']"
0459,"['Snow Warning', 'Soundproof']"
0460,"['Snow Warning', 'Soundproof']"
0460,"['Snow Warning', 'Soundproof']"
0461,"['Pressure', 'Pickpocket']"
0462,"['Magnet Pull', 'Sturdy', 'Analytic']"
0463,"['Own Tempo', 'Oblivious', 'Cloud Nine']"
0464,"['Lightning Rod', 'Solid Rock', 'Reckless']"
0465,"['Chlorophyll', 'Leaf Guard', 'Regenerator']"
0466,"['Motor Drive', 'Vital Spirit']"
0467,"['Flame Body', 'Vital Spirit']"
0468,"['Hustle', 'Serene Grace', 'Super Luck']"
0469,"['Speed Boost', 'Tinted Lens', 'Frisk']"
0470,"['Leaf Guard', 'Chlorophyll']"
0471,"['Snow Cloak', 'Ice Body']"
0472,"['Hyper Cutter', 'Sand Veil', 'Poison Heal']"
0473,"['Oblivious', 'Snow Cloak', 'Thick Fat']"
0474,"['Adaptability', 'Download', 'Analytic']"
0475,"['Steadfast', 'Sharpness', 'Justified']"
0475,"['Steadfast', 'Sharpness', 'Justified']"
0476,"['Sturdy', 'Magnet Pull', 'Sand Force']"
0477,"['Pressure', 'Frisk']"
0478,"['Snow Cloak', 'Cursed Body']"
0479,['Levitate']
0479,['Levitate']
0479,['Levitate']
0479,['Levitate']
0479,['Levitate']
0479,['Levitate']
0480,['Levitate']
0481,['Levitate']
0482,['Levitate']
0483,"['Pressure', 'Telepathy']"
0483,"['Pressure', 'Telepathy']"
0484,"['Pressure', 'Telepathy']"
0484,"['Pressure', 'Telepathy']"
0485,"['Flash Fire', 'Flame Body']"
0486,['Slow Start']
0487,"['Pressure', 'Telepathy']"
0487,"['Pressure', 'Telepathy']"
0488,['Levitate']
0489,['Hydration']
0490,['Hydration']
0491,['Bad Dreams']
0492,['Natural Cure']
0492,['Natural Cure']
0493,['Multitype']
0494,['Victory Star']
0495,"['Overgrow', 'Contrary']"
0496,"['Overgrow', 'Contrary']"
0497,"['Overgrow', 'Contrary']"
0498,"['Blaze', 'Thick Fat']"
0499,"['Blaze', 'Thick Fat']"
0500,"['Blaze', 'Reckless']"
0501,"['Torrent', 'Shell Armor']"
0502,"['Torrent', 'Shell Armor']"
0503,"['Torrent', 'Shell Armor']"
0503,"['Torrent', 'Shell Armor']"
0504,"['Run Away', 'Keen Eye', 'Analytic']"
0505,"['Illuminate', 'Keen Eye', 'Analytic']"
0506,"['Vital Spirit', 'Pickup', 'Run Away']"
0507,"['Intimidate', 'Sand Rush', 'Scrappy']"
0508,"['Intimidate', 'Sand Rush', 'Scrappy']"
0509,"['Limber', 'Unburden', 'Prankster']"
0510,"['Limber', 'Unburden', 'Prankster']"
0511,"['Gluttony', 'Overgrow']"
0512,"['Gluttony', 'Overgrow']"
0513,"['Gluttony', 'Blaze']"
0514,"['Gluttony', 'Blaze']"
0515,"['Gluttony', 'Torrent']"
0516,"['Gluttony', 'Torrent']"
0517,"['Forewarn', 'Synchronize', 'Telepathy']"
0518,"['Forewarn', 'Synchronize', 'Telepathy']"
0519,"['Big Pecks', 'Super Luck', 'Rivalry']"
0520,"['Big Pecks', 'Super Luck', 'Rivalry']"
0521,"['Big Pecks', 'Super Luck', 'Rivalry']"
0522,"['Lightning Rod', 'Motor Drive', 'Sap Sipper']"
0523,"['Lightning Rod', 'Motor Drive', 'Sap Sipper']"
0524,"['Sturdy', 'Weak Armor', 'Sand Force']"
0525,"['Sturdy', 'Weak Armor', 'Sand Force']"
0526,"['Sturdy', 'Sand Stream', 'Sand Force']"
0527,"['Unaware', 'Klutz', 'Simple']"
0528,"['Unaware', 'Klutz', 'Simple']"
0529,"['Sand Rush', 'Sand Force', 'Mold Breaker']"
0530,"['Sand Rush', 'Sand Force', 'Mold Breaker']"
0531,"['Healer', 'Regenerator', 'Klutz']"
0531,"['Healer', 'Regenerator', 'Klutz']"
0532,"['Guts', 'Sheer Force', 'Iron Fist']"
0533,"['Guts', 'Sheer Force', 'Iron Fist']"
0534,"['Guts', 'Sheer Force', 'Iron Fist']"
0535,"['Swift Swim', 'Hydration', 'Water Absorb']"
0536,"['Swift Swim', 'Hydration', 'Water Absorb']"
0537,"['Swift Swim', 'Poison Touch', 'Water Absorb']"
0538,"['Guts', 'Inner Focus', 'Mold Breaker']"
0539,"['Sturdy', 'Inner Focus', 'Mold Breaker']"
0540,"['Swarm', 'Chlorophyll', 'Overcoat']"
0541,"['Leaf Guard', 'Chlorophyll', 'Overcoat']"
0542,"['Swarm', 'Chlorophyll', 'Overcoat']"
0543,"['Poison Point', 'Swarm', 'Speed Boost']"
0544,"['Poison Point', 'Swarm', 'Speed Boost']"
0545,"['Poison Point', 'Swarm', 'Speed Boost']"
0546,"['Prankster', 'Infiltrator', 'Chlorophyll']"
0547,"['Prankster', 'Infiltrator', 'Chlorophyll']"
0548,"['Chlorophyll', 'Own Tempo', 'Leaf Guard']"
0549,"['Chlorophyll', 'Own Tempo', 'Leaf Guard']"
0549,"['Chlorophyll', 'Own Tempo', 'Leaf Guard']"
0550,"['Reckless', 'Adaptability', 'Mold Breaker']"
0550,"['Reckless', 'Adaptability', 'Mold Breaker']"
0550,"['Reckless', 'Adaptability', 'Mold Breaker']"
0551,"['Intimidate', 'Moxie', 'Anger Point']"
0552,"['Intimidate', 'Moxie', 'Anger Point']"
0553,"['Intimidate', 'Moxie', 'Anger Point']"
0554,"['Hustle', 'Inner Focus']"
0554,"['Hustle', 'Inner Focus']"
0555,"['Sheer Force', 'Zen Mode']"
0555,"['Sheer Force', 'Zen Mode']"
0555,"['Sheer Force', 'Zen Mode']"
0555,"['Sheer Force', 'Zen Mode']"
0556,"['Water Absorb', 'Chlorophyll', 'Storm Drain']"
0557,"['Sturdy', 'Shell Armor', 'Weak Armor']"
0558,"['Sturdy', 'Shell Armor', 'Weak Armor']"
0559,"['Shed Skin', 'Moxie', 'Intimidate']"
0560,"['Shed Skin', 'Moxie', 'Intimidate']"
0561,"['Wonder Skin', 'Magic Guard', 'Tinted Lens']"
0562,['Mummy']
0562,['Mummy']
0563,['Mummy']
0564,"['Solid Rock', 'Sturdy', 'Swift Swim']"
0565,"['Solid Rock', 'Sturdy', 'Swift Swim']"
0566,['Defeatist']
0567,['Defeatist']
0568,"['Stench', 'Sticky Hold', 'Aftermath']"
0569,"['Stench', 'Weak Armor', 'Aftermath']"
0570,['Illusion']
0570,['Illusion']
0571,['Illusion']
0571,['Illusion']
0572,"['Cute Charm', 'Technician', 'Skill Link']"
0573,"['Cute Charm', 'Technician', 'Skill Link']"
0574,"['Frisk', 'Competitive', 'Shadow Tag']"
0575,"['Frisk', 'Competitive', 'Shadow Tag']"
0576,"['Frisk', 'Competitive', 'Shadow Tag']"
0577,"['Overcoat', 'Magic Guard', 'Regenerator']"
0578,"['Overcoat', 'Magic Guard', 'Regenerator']"
0579,"['Overcoat', 'Magic Guard', 'Regenerator']"
0580,"['Keen Eye', 'Big Pecks', 'Hydration']"
0581,"['Keen Eye', 'Big Pecks', 'Hydration']"
0582,"['Ice Body', 'Snow Cloak', 'Weak Armor']"
0583,"['Ice Body', 'Snow Cloak', 'Weak Armor']"
0584,"['Ice Body', 'Snow Warning', 'Weak Armor']"
0585,"['Chlorophyll', 'Sap Sipper', 'Serene Grace']"
0586,"['Chlorophyll', 'Sap Sipper', 'Serene Grace']"
0587,"['Static', 'Motor Drive']"
0588,"['Swarm', 'Shed Skin', 'No Guard']"
0589,"['Swarm', 'Shell Armor', 'Overcoat']"
0590,"['Effect Spore', 'Regenerator']"
0591,"['Effect Spore', 'Regenerator']"
0592,"['Water Absorb', 'Cursed Body', 'Damp']"
0593,"['Water Absorb', 'Cursed Body', 'Damp']"
0594,"['Healer', 'Hydration', 'Regenerator']"
0595,"['Compound Eyes', 'Unnerve', 'Swarm']"
0596,"['Compound Eyes', 'Unnerve', 'Swarm']"
0597,['Iron Barbs']
0598,"['Iron Barbs', 'Anticipation']"
0599,"['Plus', 'Minus', 'Clear Body']"
0600,"['Plus', 'Minus', 'Clear Body']"
0601,"['Plus', 'Minus', 'Clear Body']"
0602,['Levitate']
0603,['Levitate']
0604,['Levitate']
0605,"['Telepathy', 'Synchronize', 'Analytic']"
0606,"['Telepathy', 'Synchronize', 'Analytic']"
0607,"['Flash Fire', 'Flame Body', 'Infiltrator']"
0608,"['Flash Fire', 'Flame Body', 'Infiltrator']"
0609,"['Flash Fire', 'Flame Body', 'Infiltrator']"
0610,"['Rivalry', 'Mold Breaker', 'Unnerve']"
0611,"['Rivalry', 'Mold Breaker', 'Unnerve']"
0612,"['Rivalry', 'Mold Breaker', 'Unnerve']"
0613,"['Snow Cloak', 'Slush Rush', 'Rattled']"
0614,"['Snow Cloak', 'Slush Rush', 'Swift Swim']"
0615,['Levitate']
0616,"['Hydration', 'Shell Armor', 'Overcoat']"
0617,"['Hydration', 'Sticky Hold', 'Unburden']"
0618,"['Static', 'Limber', 'Sand Veil']"
0618,"['Static', 'Limber', 'Sand Veil']"
0619,"['Inner Focus', 'Regenerator', 'Reckless']"
0620,"['Inner Focus', 'Regenerator', 'Reckless']"
0621,"['Rough Skin', 'Sheer Force', 'Mold Breaker']"
0622,"['Iron Fist', 'Klutz', 'No Guard']"
0623,"['Iron Fist', 'Klutz', 'No Guard']"
0624,"['Defiant', 'Inner Focus', 'Pressure']"
0625,"['Defiant', 'Inner Focus', 'Pressure']"
0626,"['Reckless', 'Sap Sipper', 'Soundproof']"
0627,"['Keen Eye', 'Sheer Force', 'Hustle']"
0628,"['Keen Eye', 'Sheer Force', 'Defiant']"
0628,"['Keen Eye', 'Sheer Force', 'Defiant']"
0629,"['Big Pecks', 'Overcoat', 'Weak Armor']"
0630,"['Big Pecks', 'Overcoat', 'Weak Armor']"
0631,"['Gluttony', 'Flash Fire', 'White Smoke']"
0632,"['Swarm', 'Hustle', 'Truant']"
0633,['Hustle']
0634,['Hustle']
0635,['Levitate']
0636,"['Flame Body', 'Swarm']"
0637,"['Flame Body', 'Swarm']"
0638,['Justified']
0639,['Justified']
0640,['Justified']
0641,"['Prankster', 'Defiant']"
0641,"['Prankster', 'Defiant']"
0642,"['Prankster', 'Defiant']"
0642,"['Prankster', 'Defiant']"
0643,['Turboblaze']
0644,['Teravolt']
0645,"['Sand Force', 'Sheer Force']"
0645,"['Sand Force', 'Sheer Force']"
0646,['Pressure']
0646,['Pressure']
0646,['Pressure']
0647,['Justified']
0647,['Justified']
0648,['Serene Grace']
0648,['Serene Grace']
0649,['Download']
0650,"['Overgrow', 'Bulletproof']"
0651,"['Overgrow', 'Bulletproof']"
0652,"['Overgrow', 'Bulletproof']"
0653,"['Blaze', 'Magician']"
0654,"['Blaze', 'Magician']"
0655,"['Blaze', 'Magician']"
0656,"['Torrent', 'Protean']"
0657,"['Torrent', 'Protean']"
0658,"['Torrent', 'Protean']"
0658,"['Torrent', 'Protean']"
0659,"['Pickup', 'Cheek Pouch', 'Huge Power']"
0660,"['Pickup', 'Cheek Pouch', 'Huge Power']"
0661,"['Big Pecks', 'Gale Wings']"
0662,"['Flame Body', 'Gale Wings']"
0663,"['Flame Body', 'Gale Wings']"
0664,"['Shield Dust', 'Compound Eyes', 'Friend Guard']"
0665,"['Shed Skin', 'Friend Guard']"
0666,"['Shield Dust', 'Compound Eyes', 'Friend Guard']"
0667,"['Rivalry', 'Unnerve', 'Moxie']"
0668,"['Rivalry', 'Unnerve', 'Moxie']"
0669,"['Flower Veil', 'Symbiosis']"
0670,"['Flower Veil', 'Symbiosis']"
0671,"['Flower Veil', 'Symbiosis']"
0672,"['Sap Sipper', 'Grass Pelt']"
0673,"['Sap Sipper', 'Grass Pelt']"
0674,"['Iron Fist', 'Mold Breaker', 'Scrappy']"
0675,"['Iron Fist', 'Mold Breaker', 'Scrappy']"
0676,['Fur Coat']
0677,"['Keen Eye', 'Infiltrator', 'Own Tempo']"
0678,"['Keen Eye', 'Infiltrator', 'Prankster']"
0678,"['Keen Eye', 'Infiltrator', 'Prankster']"
0679,['No Guard']
0680,['No Guard']
0681,['Stance Change']
0681,['Stance Change']
0682,"['Healer', 'Aroma Veil']"
0683,"['Healer', 'Aroma Veil']"
0684,"['Sweet Veil', 'Unburden']"
0685,"['Sweet Veil', 'Unburden']"
0686,"['Contrary', 'Suction Cups', 'Infiltrator']"
0687,"['Contrary', 'Suction Cups', 'Infiltrator']"
0688,"['Sniper', 'Tough Claws', 'Pickpocket']"
0689,"['Sniper', 'Tough Claws', 'Pickpocket']"
0690,"['Poison Point', 'Poison Touch', 'Adaptability']"
0691,"['Poison Point', 'Poison Touch', 'Adaptability']"
0692,['Mega Launcher']
0693,['Mega Launcher']
0694,"['Dry Skin', 'Sand Veil', 'Solar Power']"
0695,"['Dry Skin', 'Sand Veil', 'Solar Power']"
0696,"['Strong Jaw', 'Sturdy']"
0697,"['Strong Jaw', 'Rock Head']"
0698,"['Refrigerate', 'Snow Warning']"
0699,"['Refrigerate', 'Snow Warning']"
0700,"['Cute Charm', 'Pixilate']"
0701,"['Limber', 'Unburden', 'Mold Breaker']"
0702,"['Cheek Pouch', 'Pickup', 'Plus']"
0703,"['Clear Body', 'Sturdy']"
0704,"['Sap Sipper', 'Hydration', 'Gooey']"
0705,"['Sap Sipper', 'Hydration', 'Gooey']"
0705,"['Sap Sipper', 'Hydration', 'Gooey']"
0706,"['Sap Sipper', 'Hydration', 'Gooey']"
0706,"['Sap Sipper', 'Hydration', 'Gooey']"
0707,"['Prankster', 'Magician']"
0708,"['Natural Cure', 'Frisk', 'Harvest']"
0709,"['Natural Cure', 'Frisk', 'Harvest']"
0710,"['Pickup', 'Frisk', 'Insomnia']"
0710,"['Pickup', 'Frisk', 'Insomnia']"
0710,"['Pickup', 'Frisk', 'Insomnia']"
0710,"['Pickup', 'Frisk', 'Insomnia']"
0711,"['Pickup', 'Frisk', 'Insomnia']"
0711,"['Pickup', 'Frisk', 'Insomnia']"
0711,"['Pickup', 'Frisk', 'Insomnia']"
0711,"['Pickup', 'Frisk', 'Insomnia']"
0712,"['Own Tempo', 'Ice Body', 'Sturdy']"
0713,"['Own Tempo', 'Ice Body', 'Sturdy']"
0713,"['Own Tempo', 'Ice Body', 'Sturdy']"
0714,"['Frisk', 'Infiltrator', 'Telepathy']"
0715,"['Frisk', 'Infiltrator', 'Telepathy']"
0716,['Fairy Aura']
0717,['Dark Aura']
0718,"['Aura Break', 'Power Construct']"
0718,"['Aura Break', 'Power Construct']"
0718,"['Aura Break', 'Power Construct']"
0719,['Clear Body']
0719,['Clear Body']
0720,['Magician']
0720,['Magician']
0721,['Water Absorb']
0722,"['Overgrow', 'Long Reach']"
0723,"['Overgrow', 'Long Reach']"
0724,"['Overgrow', 'Long Reach']"
0724,"['Overgrow', 'Long Reach']"
0725,"['Blaze', 'Intimidate']"
0726,"['Blaze', 'Intimidate']"
0727,"['Blaze', 'Intimidate']"
0728,"['Torrent', 'Liquid Voice']"
0729,"['Torrent', 'Liquid Voice']"
0730,"['Torrent', 'Liquid Voice']"
0731,"['Keen Eye', 'Skill Link', 'Pickup']"
0732,"['Keen Eye', 'Skill Link', 'Pickup']"
0733,"['Keen Eye', 'Skill Link', 'Sheer Force']"
0734,"['Strong Jaw', 'Stakeout', 'Adaptability']"
0735,"['Strong Jaw', 'Stakeout', 'Adaptability']"
0736,['Swarm']
0737,['Battery']
0738,['Levitate']
0739,"['Hyper Cutter', 'Iron Fist', 'Anger Point']"
0740,"['Hyper Cutter', 'Iron Fist', 'Anger Point']"
0741,['Dancer']
0741,['Dancer']
0741,['Dancer']
0741,['Dancer']
0742,"['Honey Gather', 'Shield Dust', 'Sweet Veil']"
0743,"['Honey Gather', 'Shield Dust', 'Sweet Veil']"
0744,"['Keen Eye', 'Vital Spirit', 'Steadfast']"
0744,"['Keen Eye', 'Vital Spirit', 'Steadfast']"
0745,"['Keen Eye', 'Sand Rush', 'Steadfast']"
0745,"['Keen Eye', 'Sand Rush', 'Steadfast']"
0745,"['Keen Eye', 'Sand Rush', 'Steadfast']"
0746,['Schooling']
0746,['Schooling']
0747,"['Merciless', 'Limber', 'Regenerator']"
0748,"['Merciless', 'Limber', 'Regenerator']"
0749,"['Own Tempo', 'Stamina', 'Inner Focus']"
0750,"['Own Tempo', 'Stamina', 'Inner Focus']"
0751,"['Water Bubble', 'Water Absorb']"
0752,"['Water Bubble', 'Water Absorb']"
0753,"['Leaf Guard', 'Contrary']"
0754,"['Leaf Guard', 'Contrary']"
0755,"['Illuminate', 'Effect Spore', 'Rain Dish']"
0756,"['Illuminate', 'Effect Spore', 'Rain Dish']"
0757,"['Corrosion', 'Oblivious']"
0758,"['Corrosion', 'Oblivious']"
0759,"['Fluffy', 'Klutz', 'Cute Charm']"
0760,"['Fluffy', 'Klutz', 'Unnerve']"
0761,"['Leaf Guard', 'Oblivious', 'Sweet Veil']"
0762,"['Leaf Guard', 'Oblivious', 'Sweet Veil']"
0763,"['Leaf Guard', 'Queenly Majesty', 'Sweet Veil']"
0764,"['Flower Veil', 'Triage', 'Natural Cure']"
0765,"['Inner Focus', 'Telepathy', 'Symbiosis']"
0766,"['Receiver', 'Defiant']"
0767,['Wimp Out']
0768,['Emergency Exit']
0769,"['Water Compaction', 'Sand Veil']"
0770,"['Water Compaction', 'Sand Veil']"
0771,"['Innards Out', 'Unaware']"
0772,['Battle Armor']
0773,['RKS System']
0774,['Shields Down']
0774,['Shields Down']
0775,['Comatose']
0776,['Shell Armor']
0777,"['Iron Barbs', 'Lightning Rod', 'Sturdy']"
0778,['Disguise']
0779,"['Dazzling', 'Strong Jaw', 'Wonder Skin']"
0780,"['Berserk', 'Sap Sipper', 'Cloud Nine']"
0781,['Steelworker']
0782,"['Bulletproof', 'Soundproof', 'Overcoat']"
0783,"['Bulletproof', 'Soundproof', 'Overcoat']"
0784,"['Bulletproof', 'Soundproof', 'Overcoat']"
0785,"['Electric Surge', 'Telepathy']"
0786,"['Psychic Surge', 'Telepathy']"
0787,"['Grassy Surge', 'Telepathy']"
0788,"['Misty Surge', 'Telepathy']"
0789,['Unaware']
0790,['Sturdy']
0791,['Full Metal Body']
0792,['Shadow Shield']
0793,['Beast Boost']
0794,['Beast Boost']
0795,['Beast Boost']
0796,['Beast Boost']
0797,['Beast Boost']
0798,['Beast Boost']
0799,['Beast Boost']
0800,['Prism Armor']
0800,['Prism Armor']
0800,['Prism Armor']
0800,['Prism Armor']
0801,['Soul-Heart']
0802,['Technician']
0803,['Beast Boost']
0804,['Beast Boost']
0805,['Beast Boost']
0806,['Beast Boost']
0807,['Volt Absorb']
0808,['Magnet Pull']
0809,['Iron Fist']
0810,"['Overgrow', 'Grassy Surge']"
0811,"['Overgrow', 'Grassy Surge']"
0812,"['Overgrow', 'Grassy Surge']"
0813,"['Blaze', 'Libero']"
0814,"['Blaze', 'Libero']"
0815,"['Blaze', 'Libero']"
0816,"['Torrent', 'Sniper']"
0817,"['Torrent', 'Sniper']"
0818,"['Torrent', 'Sniper']"
0819,"['Cheek Pouch', 'Gluttony']"
0820,"['Cheek Pouch', 'Gluttony']"
0821,"['Keen Eye', 'Unnerve', 'Big Pecks']"
0822,"['Keen Eye', 'Unnerve', 'Big Pecks']"
0823,"['Pressure', 'Unnerve', 'Mirror Armor']"
0824,"['Swarm', 'Compound Eyes', 'Telepathy']"
0825,"['Swarm', 'Compound Eyes', 'Telepathy']"
0826,"['Swarm', 'Frisk', 'Telepathy']"
0827,"['Run Away', 'Unburden', 'Stakeout']"
0828,"['Run Away', 'Unburden', 'Stakeout']"
0829,"['Cotton Down', 'Regenerator', 'Effect Spore']"
0830,"['Cotton Down', 'Regenerator', 'Effect Spore']"
0831,"['Fluffy', 'Run Away', 'Bulletproof']"
0832,"['Fluffy', 'Steadfast', 'Bulletproof']"
0833,"['Strong Jaw', 'Shell Armor', 'Swift Swim']"
0834,"['Strong Jaw', 'Shell Armor', 'Swift Swim']"
0835,"['Ball Fetch', 'Rattled']"
0836,"['Strong Jaw', 'Competitive']"
0837,"['Steam Engine', 'Heatproof', 'Flash Fire']"
0838,"['Steam Engine', 'Flame Body', 'Flash Fire']"
0839,"['Steam Engine', 'Flame Body', 'Flash Fire']"
0840,"['Ripen', 'Gluttony', 'Bulletproof']"
0841,"['Ripen', 'Gluttony', 'Hustle']"
0842,"['Ripen', 'Gluttony', 'Thick Fat']"
0843,"['Sand Spit', 'Shed Skin', 'Sand Veil']"
0844,"['Sand Spit', 'Shed Skin', 'Sand Veil']"
0845,['Gulp Missile']
0846,"['Swift Swim', 'Propeller Tail']"
0847,"['Swift Swim', 'Propeller Tail']"
0848,"['Rattled', 'Static', 'Klutz']"
0849,"['Punk Rock', 'Plus', 'Technician']"
0849,"['Punk Rock', 'Plus', 'Technician']"
0850,"['Flash Fire', 'White Smoke', 'Flame Body']"
0851,"['Flash Fire', 'White Smoke', 'Flame Body']"
0852,"['Limber', 'Technician']"
0853,"['Limber', 'Technician']"
0854,"['Weak Armor', 'Cursed Body']"
0855,"['Weak Armor', 'Cursed Body']"
0856,"['Healer', 'Anticipation', 'Magic Bounce']"
0857,"['Healer', 'Anticipation', 'Magic Bounce']"
0858,"['Healer', 'Anticipation', 'Magic Bounce']"
0859,"['Prankster', 'Frisk', 'Pickpocket']"
0860,"['Prankster', 'Frisk', 'Pickpocket']"
0861,"['Prankster', 'Frisk', 'Pickpocket']"
0862,"['Reckless', 'Guts', 'Defiant']"
0863,"['Battle Armor', 'Tough Claws', 'Steely Spirit']"
0864,"['Weak Armor', 'Perish Body']"
0865,"['Steadfast', 'Scrappy']"
0866,"['Tangled Feet', 'Screen Cleaner', 'Ice Body']"
0867,['Wandering Spirit']
0868,"['Sweet Veil', 'Aroma Veil']"
0869,"['Sweet Veil', 'Aroma Veil']"
0870,"['Battle Armor', 'Defiant']"
0871,"['Lightning Rod', 'Electric Surge']"
0872,"['Shield Dust', 'Ice Scales']"
0873,"['Shield Dust', 'Ice Scales']"
0874,['Power Spot']
0875,['Ice Face']
0875,['Ice Face']
0876,"['Inner Focus', 'Synchronize', 'Psychic Surge']"
0876,"['Inner Focus', 'Synchronize', 'Psychic Surge']"
0877,['Hunger Switch']
0877,['Hunger Switch']
0878,"['Sheer Force', 'Heavy Metal']"
0879,"['Sheer Force', 'Heavy Metal']"
0880,"['Volt Absorb', 'Hustle', 'Sand Rush']"
0881,"['Volt Absorb', 'Static', 'Slush Rush']"
0882,"['Water Absorb', 'Strong Jaw', 'Sand Rush']"
0883,"['Water Absorb', 'Ice Body', 'Slush Rush']"
0884,"['Light Metal', 'Heavy Metal', 'Stalwart']"
0885,"['Clear Body', 'Infiltrator', 'Cursed Body']"
0886,"['Clear Body', 'Infiltrator', 'Cursed Body']"
0887,"['Clear Body', 'Infiltrator', 'Cursed Body']"
0888,['Intrepid Sword']
0888,['Intrepid Sword']
0889,['Dauntless Shield']
0889,['Dauntless Shield']
0890,['Pressure']
0890,['Pressure']
0891,['Inner Focus']
0892,['Unseen Fist']
0892,['Unseen Fist']
0893,['Leaf Guard']
0894,['Transistor']
0895,"[""Dragon's Maw""]"
0896,['Chilling Neigh']
0897,['Grim Neigh']
0898,['Unnerve']
0898,['Unnerve']
0898,['Unnerve']
0899,"['Intimidate', 'Frisk', 'Sap Sipper']"
0900,"['Swarm', 'Sheer Force', 'Sharpness']"
0901,"['Guts', 'Bulletproof', 'Unnerve']"
0901,"['Guts', 'Bulletproof', 'Unnerve']"
0902,"['Swift Swim', 'Adaptability', 'Mold Breaker']"
0902,"['Swift Swim', 'Adaptability', 'Mold Breaker']"
0903,"['Pressure', 'Unburden', 'Poison Touch']"
0904,"['Poison Point', 'Swift Swim', 'Intimidate']"
0905,"['Cute Charm', 'Contrary']"
0905,"['Cute Charm', 'Contrary']"
0906,"['Overgrow', 'Protean']"
0907,"['Overgrow', 'Protean']"
0908,"['Overgrow', 'Protean']"
0909,"['Blaze', 'Unaware']"
0910,"['Blaze', 'Unaware']"
0911,"['Blaze', 'Unaware']"
0912,"['Torrent', 'Moxie']"
0913,"['Torrent', 'Moxie']"
0914,"['Torrent', 'Moxie']"
0915,"['Aroma Veil', 'Gluttony', 'Thick Fat']"
0916,"['Lingering Aroma', 'Gluttony', 'Thick Fat']"
0916,"['Lingering Aroma', 'Gluttony', 'Thick Fat']"
0917,"['Insomnia', 'Stakeout']"
0918,"['Insomnia', 'Stakeout']"
0919,"['Swarm', 'Tinted Lens']"
0920,"['Swarm', 'Tinted Lens']"
0921,"['Static', 'Natural Cure', 'Iron Fist']"
0922,"['Volt Absorb', 'Natural Cure', 'Iron Fist']"
0923,"['Volt Absorb', 'Natural Cure', 'Iron Fist']"
0924,"['Run Away', 'Pickup', 'Own Tempo']"
0925,"['Friend Guard', 'Cheek Pouch', 'Technician']"
0925,"['Friend Guard', 'Cheek Pouch', 'Technician']"
0926,"['Own Tempo', 'Klutz']"
0927,"['Well-Baked Body', 'Aroma Veil']"
0928,"['Early Bird', 'Harvest']"
0929,"['Early Bird', 'Harvest']"
0930,"['Seed Sower', 'Harvest']"
0931,"['Intimidate', 'Hustle', 'Guts']"
0931,"['Intimidate', 'Hustle', 'Guts']"
0931,"['Intimidate', 'Hustle', 'Guts']"
0931,"['Intimidate', 'Hustle', 'Guts']"
0932,"['Purifying Salt', 'Sturdy', 'Clear Body']"
0933,"['Purifying Salt', 'Sturdy', 'Clear Body']"
0934,"['Purifying Salt', 'Sturdy', 'Clear Body']"
0935,"['Flash Fire', 'Flame Body']"
0936,"['Flash Fire', 'Weak Armor']"
0937,"['Flash Fire', 'Weak Armor']"
0938,"['Own Tempo', 'Static', 'Damp']"
0939,"['Electromorphosis', 'Static', 'Damp']"
0940,"['Wind Power', 'Volt Absorb', 'Competitive']"
0941,"['Wind Power', 'Volt Absorb', 'Competitive']"
0942,"['Intimidate', 'Run Away', 'Stakeout']"
0943,"['Intimidate', 'Guard Dog', 'Stakeout']"
0944,"['Unburden', 'Pickpocket', 'Prankster']"
0945,"['Unburden', 'Poison Touch', 'Prankster']"
0946,"['Wind Rider', 'Infiltrator']"
0947,"['Wind Rider', 'Infiltrator']"
0948,['Mycelium Might']
0949,['Mycelium Might']
0950,"['Anger Shell', 'Shell Armor', 'Regenerator']"
0951,"['Chlorophyll', 'Insomnia', 'Klutz']"
0952,"['Chlorophyll', 'Insomnia', 'Moody']"
0953,"['Compound Eyes', 'Shed Skin']"
0954,"['Synchronize', 'Telepathy']"
0955,"['Anticipation', 'Frisk', 'Speed Boost']"
0956,"['Opportunist', 'Frisk', 'Speed Boost']"
0957,"['Mold Breaker', 'Own Tempo', 'Pickpocket']"
0958,"['Mold Breaker', 'Own Tempo', 'Pickpocket']"
0959,"['Mold Breaker', 'Own Tempo', 'Pickpocket']"
0960,"['Gooey', 'Rattled', 'Sand Veil']"
0961,"['Gooey', 'Rattled', 'Sand Veil']"
0962,"['Big Pecks', 'Keen Eye', 'Rocky Payload']"
0963,['Water Veil']
0964,['Zero to Hero']
0964,['Zero to Hero']
0965,"['Overcoat', 'Slow Start']"
0966,"['Overcoat', 'Filter']"
0967,"['Shed Skin', 'Regenerator']"
0968,"['Earth Eater', 'Sand Veil']"
0969,"['Toxic Debris', 'Corrosion']"
0970,"['Toxic Debris', 'Corrosion']"
0971,"['Pickup', 'Fluffy']"
0972,"['Sand Rush', 'Fluffy']"
0973,"['Scrappy', 'Tangled Feet', 'Costar']"
0974,"['Thick Fat', 'Snow Cloak', 'Sheer Force']"
0975,"['Thick Fat', 'Slush Rush', 'Sheer Force']"
0976,"['Mold Breaker', 'Sharpness']"
0977,"['Unaware', 'Oblivious', 'Water Veil']"
0978,"['Commander', 'Storm Drain']"
0978,"['Commander', 'Storm Drain']"
0978,"['Commander', 'Storm Drain']"
0979,"['Vital Spirit', 'Inner Focus', 'Defiant']"
0980,"['Poison Point', 'Water Absorb', 'Unaware']"
0981,"['Cud Chew', 'Armor Tail', 'Sap Sipper']"
0982,"['Serene Grace', 'Run Away', 'Rattled']"
0982,"['Serene Grace', 'Run Away', 'Rattled']"
0983,"['Defiant', 'Supreme Overlord', 'Pressure']"
0984,['Protosynthesis']
0985,['Protosynthesis']
0986,['Protosynthesis']
0987,['Protosynthesis']
0988,['Protosynthesis']
0989,['Protosynthesis']
0990,['Quark Drive']
0991,['Quark Drive']
0992,['Quark Drive']
0993,['Quark Drive']
0994,['Quark Drive']
0995,['Quark Drive']
0996,"['Thermal Exchange', 'Ice Body']"
0997,"['Thermal Exchange', 'Ice Body']"
0998,"['Thermal Exchange', 'Ice Body']"
0999,['Rattled']
0999,['Rattled']
1000,['Good as Gold']
1001,['Tablets of Ruin']
1002,['Sword of Ruin']
1003,['Vessel of Ruin']
1004,['Beads of Ruin']
1005,['Protosynthesis']
1006,['Quark Drive']
1007,['Orichalcum Pulse']
1008,['Hadron Engine']
1009,['Protosynthesis']
1010,['Quark Drive']
1011,"['Supersweet Syrup', 'Gluttony', 'Sticky Hold']"
1012,"['Hospitality', 'Heatproof']"
1013,"['Hospitality', 'Heatproof']"
1014,"['Toxic Chain', 'Guard Dog']"
1015,"['Toxic Chain', 'Frisk']"
1016,"['Toxic Chain', 'Technician']"
1017,['Defiant']
1017,['Defiant']
1017,['Defiant']
1017,['Defiant']
1018,"['Stamina', 'Sturdy', 'Stalwart']"
1019,"['Supersweet Syrup', 'Regenerator', 'Sticky Hold']"
1020,['Protosynthesis']
1021,['Protosynthesis']
1022,['Quark Drive']
1023,['Quark Drive']
1024,['Tera Shift']
1024,['Tera Shift']
1024,['Tera Shift']
1025,['Poison Puppeteer']
