pokedex_id,numero nacional,especie,height,weight,nature
0001,0001,Seed Pokémon,0.7 m (2′04″),6.9 kg (15.2 lbs)
0002,0002,Seed Pokémon,1.0 m (3′03″),13.0 kg (28.7 lbs)
0003,0003,Seed Pokémon,2.0 m (6′07″),100.0 kg (220.5 lbs)
0003,0003,Seed Pokémon,2.0 m (6′07″),100.0 kg (220.5 lbs)
0004,0004,Lizard Pokémon,0.6 m (2′00″),8.5 kg (18.7 lbs)
0005,0005,Flame Pokémon,1.1 m (3′07″),19.0 kg (41.9 lbs)
0006,0006,Flame Pokémon,1.7 m (5′07″),90.5 kg (199.5 lbs)
0006,0006,Flame Pokémon,1.7 m (5′07″),90.5 kg (199.5 lbs)
0006,0006,Flame Pokémon,1.7 m (5′07″),90.5 kg (199.5 lbs)
0007,0007,Tiny Turtle Pokémon,0.5 m (1′08″),9.0 kg (19.8 lbs)
0008,0008,Turtle Pokémon,1.0 m (3′03″),22.5 kg (49.6 lbs)
0009,0009,Shellfish Pokémon,1.6 m (5′03″),85.5 kg (188.5 lbs)
0009,0009,Shellfish Pokémon,1.6 m (5′03″),85.5 kg (188.5 lbs)
0010,0010,Worm Pokémon,0.3 m (1′00″),2.9 kg (6.4 lbs)
0011,0011,Cocoon Pokémon,0.7 m (2′04″),9.9 kg (21.8 lbs)
0012,0012,Butterfly Pokémon,1.1 m (3′07″),32.0 kg (70.5 lbs)
0013,0013,Hairy Bug Pokémon,0.3 m (1′00″),3.2 kg (7.1 lbs)
0014,0014,Cocoon Pokémon,0.6 m (2′00″),10.0 kg (22.0 lbs)
0015,0015,Poison Bee Pokémon,1.0 m (3′03″),29.5 kg (65.0 lbs)
0015,0015,Poison Bee Pokémon,1.0 m (3′03″),29.5 kg (65.0 lbs)
0016,0016,Tiny Bird Pokémon,0.3 m (1′00″),1.8 kg (4.0 lbs)
0017,0017,Bird Pokémon,1.1 m (3′07″),30.0 kg (66.1 lbs)
0018,0018,Bird Pokémon,1.5 m (4′11″),39.5 kg (87.1 lbs)
0018,0018,Bird Pokémon,1.5 m (4′11″),39.5 kg (87.1 lbs)
0019,0019,Mouse Pokémon,0.3 m (1′00″),3.5 kg (7.7 lbs)
0019,0019,Mouse Pokémon,0.3 m (1′00″),3.5 kg (7.7 lbs)
0020,0020,Mouse Pokémon,0.7 m (2′04″),18.5 kg (40.8 lbs)
0020,0020,Mouse Pokémon,0.7 m (2′04″),18.5 kg (40.8 lbs)
0021,0021,Tiny Bird Pokémon,0.3 m (1′00″),2.0 kg (4.4 lbs)
0022,0022,Beak Pokémon,1.2 m (3′11″),38.0 kg (83.8 lbs)
0023,0023,Snake Pokémon,2.0 m (6′07″),6.9 kg (15.2 lbs)
0024,0024,Cobra Pokémon,3.5 m (11′06″),65.0 kg (143.3 lbs)
0025,0025,Mouse Pokémon,0.4 m (1′04″),6.0 kg (13.2 lbs)
0025,0025,Mouse Pokémon,0.4 m (1′04″),6.0 kg (13.2 lbs)
0026,0026,Mouse Pokémon,0.8 m (2′07″),30.0 kg (66.1 lbs)
0026,0026,Mouse Pokémon,0.8 m (2′07″),30.0 kg (66.1 lbs)
0027,0027,Mouse Pokémon,0.6 m (2′00″),12.0 kg (26.5 lbs)
0027,0027,Mouse Pokémon,0.6 m (2′00″),12.0 kg (26.5 lbs)
0028,0028,Mouse Pokémon,1.0 m (3′03″),29.5 kg (65.0 lbs)
0028,0028,Mouse Pokémon,1.0 m (3′03″),29.5 kg (65.0 lbs)
0029,0029,Poison Pin Pokémon,0.4 m (1′04″),7.0 kg (15.4 lbs)
0030,0030,Poison Pin Pokémon,0.8 m (2′07″),20.0 kg (44.1 lbs)
0031,0031,Drill Pokémon,1.3 m (4′03″),60.0 kg (132.3 lbs)
0032,0032,Poison Pin Pokémon,0.5 m (1′08″),9.0 kg (19.8 lbs)
0033,0033,Poison Pin Pokémon,0.9 m (2′11″),19.5 kg (43.0 lbs)
0034,0034,Drill Pokémon,1.4 m (4′07″),62.0 kg (136.7 lbs)
0035,0035,Fairy Pokémon,0.6 m (2′00″),7.5 kg (16.5 lbs)
0036,0036,Fairy Pokémon,1.3 m (4′03″),40.0 kg (88.2 lbs)
0037,0037,Fox Pokémon,0.6 m (2′00″),9.9 kg (21.8 lbs)
0037,0037,Fox Pokémon,0.6 m (2′00″),9.9 kg (21.8 lbs)
0038,0038,Fox Pokémon,1.1 m (3′07″),19.9 kg (43.9 lbs)
0038,0038,Fox Pokémon,1.1 m (3′07″),19.9 kg (43.9 lbs)
0039,0039,Balloon Pokémon,0.5 m (1′08″),5.5 kg (12.1 lbs)
0040,0040,Balloon Pokémon,1.0 m (3′03″),12.0 kg (26.5 lbs)
0041,0041,Bat Pokémon,0.8 m (2′07″),7.5 kg (16.5 lbs)
0042,0042,Bat Pokémon,1.6 m (5′03″),55.0 kg (121.3 lbs)
0043,0043,Weed Pokémon,0.5 m (1′08″),5.4 kg (11.9 lbs)
0044,0044,Weed Pokémon,0.8 m (2′07″),8.6 kg (19.0 lbs)
0045,0045,Flower Pokémon,1.2 m (3′11″),18.6 kg (41.0 lbs)
0046,0046,Mushroom Pokémon,0.3 m (1′00″),5.4 kg (11.9 lbs)
0047,0047,Mushroom Pokémon,1.0 m (3′03″),29.5 kg (65.0 lbs)
0048,0048,Insect Pokémon,1.0 m (3′03″),30.0 kg (66.1 lbs)
0049,0049,Poison Moth Pokémon,1.5 m (4′11″),12.5 kg (27.6 lbs)
0050,0050,Mole Pokémon,0.2 m (0′08″),0.8 kg (1.8 lbs)
0050,0050,Mole Pokémon,0.2 m (0′08″),0.8 kg (1.8 lbs)
0051,0051,Mole Pokémon,0.7 m (2′04″),33.3 kg (73.4 lbs)
0051,0051,Mole Pokémon,0.7 m (2′04″),33.3 kg (73.4 lbs)
0052,0052,Scratch Cat Pokémon,0.4 m (1′04″),4.2 kg (9.3 lbs)
0052,0052,Scratch Cat Pokémon,0.4 m (1′04″),4.2 kg (9.3 lbs)
0052,0052,Scratch Cat Pokémon,0.4 m (1′04″),4.2 kg (9.3 lbs)
0053,0053,Classy Cat Pokémon,1.0 m (3′03″),32.0 kg (70.5 lbs)
0053,0053,Classy Cat Pokémon,1.0 m (3′03″),32.0 kg (70.5 lbs)
0054,0054,Duck Pokémon,0.8 m (2′07″),19.6 kg (43.2 lbs)
0055,0055,Duck Pokémon,1.7 m (5′07″),76.6 kg (168.9 lbs)
0056,0056,Pig Monkey Pokémon,0.5 m (1′08″),28.0 kg (61.7 lbs)
0057,0057,Pig Monkey Pokémon,1.0 m (3′03″),32.0 kg (70.5 lbs)
0058,0058,Puppy Pokémon,0.7 m (2′04″),19.0 kg (41.9 lbs)
0058,0058,Puppy Pokémon,0.7 m (2′04″),19.0 kg (41.9 lbs)
0059,0059,Legendary Pokémon,1.9 m (6′03″),155.0 kg (341.7 lbs)
0059,0059,Legendary Pokémon,1.9 m (6′03″),155.0 kg (341.7 lbs)
0060,0060,Tadpole Pokémon,0.6 m (2′00″),12.4 kg (27.3 lbs)
0061,0061,Tadpole Pokémon,1.0 m (3′03″),20.0 kg (44.1 lbs)
0062,0062,Tadpole Pokémon,1.3 m (4′03″),54.0 kg (119.0 lbs)
0063,0063,Psi Pokémon,0.9 m (2′11″),19.5 kg (43.0 lbs)
0064,0064,Psi Pokémon,1.3 m (4′03″),56.5 kg (124.6 lbs)
0065,0065,Psi Pokémon,1.5 m (4′11″),48.0 kg (105.8 lbs)
0065,0065,Psi Pokémon,1.5 m (4′11″),48.0 kg (105.8 lbs)
0066,0066,Superpower Pokémon,0.8 m (2′07″),19.5 kg (43.0 lbs)
0067,0067,Superpower Pokémon,1.5 m (4′11″),70.5 kg (155.4 lbs)
0068,0068,Superpower Pokémon,1.6 m (5′03″),130.0 kg (286.6 lbs)
0069,0069,Flower Pokémon,0.7 m (2′04″),4.0 kg (8.8 lbs)
0070,0070,Flycatcher Pokémon,1.0 m (3′03″),6.4 kg (14.1 lbs)
0071,0071,Flycatcher Pokémon,1.7 m (5′07″),15.5 kg (34.2 lbs)
0072,0072,Jellyfish Pokémon,0.9 m (2′11″),45.5 kg (100.3 lbs)
0073,0073,Jellyfish Pokémon,1.6 m (5′03″),55.0 kg (121.3 lbs)
0074,0074,Rock Pokémon,0.4 m (1′04″),20.0 kg (44.1 lbs)
0074,0074,Rock Pokémon,0.4 m (1′04″),20.0 kg (44.1 lbs)
0075,0075,Rock Pokémon,1.0 m (3′03″),105.0 kg (231.5 lbs)
0075,0075,Rock Pokémon,1.0 m (3′03″),105.0 kg (231.5 lbs)
0076,0076,Megaton Pokémon,1.4 m (4′07″),300.0 kg (661.4 lbs)
0076,0076,Megaton Pokémon,1.4 m (4′07″),300.0 kg (661.4 lbs)
0077,0077,Fire Horse Pokémon,1.0 m (3′03″),30.0 kg (66.1 lbs)
0077,0077,Fire Horse Pokémon,1.0 m (3′03″),30.0 kg (66.1 lbs)
0078,0078,Fire Horse Pokémon,1.7 m (5′07″),95.0 kg (209.4 lbs)
0078,0078,Fire Horse Pokémon,1.7 m (5′07″),95.0 kg (209.4 lbs)
0079,0079,Dopey Pokémon,1.2 m (3′11″),36.0 kg (79.4 lbs)
0079,0079,Dopey Pokémon,1.2 m (3′11″),36.0 kg (79.4 lbs)
0080,0080,Hermit Crab Pokémon,1.6 m (5′03″),78.5 kg (173.1 lbs)
0080,0080,Hermit Crab Pokémon,1.6 m (5′03″),78.5 kg (173.1 lbs)
0080,0080,Hermit Crab Pokémon,1.6 m (5′03″),78.5 kg (173.1 lbs)
0081,0081,Magnet Pokémon,0.3 m (1′00″),6.0 kg (13.2 lbs)
0082,0082,Magnet Pokémon,1.0 m (3′03″),60.0 kg (132.3 lbs)
0083,0083,Wild Duck Pokémon,0.8 m (2′07″),15.0 kg (33.1 lbs)
0083,0083,Wild Duck Pokémon,0.8 m (2′07″),15.0 kg (33.1 lbs)
0084,0084,Twin Bird Pokémon,1.4 m (4′07″),39.2 kg (86.4 lbs)
0085,0085,Triple Bird Pokémon,1.8 m (5′11″),85.2 kg (187.8 lbs)
0086,0086,Sea Lion Pokémon,1.1 m (3′07″),90.0 kg (198.4 lbs)
0087,0087,Sea Lion Pokémon,1.7 m (5′07″),120.0 kg (264.6 lbs)
0088,0088,Sludge Pokémon,0.9 m (2′11″),30.0 kg (66.1 lbs)
0088,0088,Sludge Pokémon,0.9 m (2′11″),30.0 kg (66.1 lbs)
0089,0089,Sludge Pokémon,1.2 m (3′11″),30.0 kg (66.1 lbs)
0089,0089,Sludge Pokémon,1.2 m (3′11″),30.0 kg (66.1 lbs)
0090,0090,Bivalve Pokémon,0.3 m (1′00″),4.0 kg (8.8 lbs)
0091,0091,Bivalve Pokémon,1.5 m (4′11″),132.5 kg (292.1 lbs)
0092,0092,Gas Pokémon,1.3 m (4′03″),0.1 kg (0.2 lbs)
0093,0093,Gas Pokémon,1.6 m (5′03″),0.1 kg (0.2 lbs)
0094,0094,Shadow Pokémon,1.5 m (4′11″),40.5 kg (89.3 lbs)
0094,0094,Shadow Pokémon,1.5 m (4′11″),40.5 kg (89.3 lbs)
0095,0095,Rock Snake Pokémon,8.8 m (28′10″),210.0 kg (463.0 lbs)
0096,0096,Hypnosis Pokémon,1.0 m (3′03″),32.4 kg (71.4 lbs)
0097,0097,Hypnosis Pokémon,1.6 m (5′03″),75.6 kg (166.7 lbs)
0098,0098,River Crab Pokémon,0.4 m (1′04″),6.5 kg (14.3 lbs)
0099,0099,Pincer Pokémon,1.3 m (4′03″),60.0 kg (132.3 lbs)
0100,0100,Ball Pokémon,0.5 m (1′08″),10.4 kg (22.9 lbs)
0100,0100,Ball Pokémon,0.5 m (1′08″),10.4 kg (22.9 lbs)
0101,0101,Ball Pokémon,1.2 m (3′11″),66.6 kg (146.8 lbs)
0101,0101,Ball Pokémon,1.2 m (3′11″),66.6 kg (146.8 lbs)
0102,0102,Egg Pokémon,0.4 m (1′04″),2.5 kg (5.5 lbs)
0103,0103,Coconut Pokémon,2.0 m (6′07″),120.0 kg (264.6 lbs)
0103,0103,Coconut Pokémon,2.0 m (6′07″),120.0 kg (264.6 lbs)
0104,0104,Lonely Pokémon,0.4 m (1′04″),6.5 kg (14.3 lbs)
0105,0105,Bone Keeper Pokémon,1.0 m (3′03″),45.0 kg (99.2 lbs)
0105,0105,Bone Keeper Pokémon,1.0 m (3′03″),45.0 kg (99.2 lbs)
0106,0106,Kicking Pokémon,1.5 m (4′11″),49.8 kg (109.8 lbs)
0107,0107,Punching Pokémon,1.4 m (4′07″),50.2 kg (110.7 lbs)
0108,0108,Licking Pokémon,1.2 m (3′11″),65.5 kg (144.4 lbs)
0109,0109,Poison Gas Pokémon,0.6 m (2′00″),1.0 kg (2.2 lbs)
0110,0110,Poison Gas Pokémon,1.2 m (3′11″),9.5 kg (20.9 lbs)
0110,0110,Poison Gas Pokémon,1.2 m (3′11″),9.5 kg (20.9 lbs)
0111,0111,Spikes Pokémon,1.0 m (3′03″),115.0 kg (253.5 lbs)
0112,0112,Drill Pokémon,1.9 m (6′03″),120.0 kg (264.6 lbs)
0113,0113,Egg Pokémon,1.1 m (3′07″),34.6 kg (76.3 lbs)
0114,0114,Vine Pokémon,1.0 m (3′03″),35.0 kg (77.2 lbs)
0115,0115,Parent Pokémon,2.2 m (7′03″),80.0 kg (176.4 lbs)
0115,0115,Parent Pokémon,2.2 m (7′03″),80.0 kg (176.4 lbs)
0116,0116,Dragon Pokémon,0.4 m (1′04″),8.0 kg (17.6 lbs)
0117,0117,Dragon Pokémon,1.2 m (3′11″),25.0 kg (55.1 lbs)
0118,0118,Goldfish Pokémon,0.6 m (2′00″),15.0 kg (33.1 lbs)
0119,0119,Goldfish Pokémon,1.3 m (4′03″),39.0 kg (86.0 lbs)
0120,0120,Star Shape Pokémon,0.8 m (2′07″),34.5 kg (76.1 lbs)
0121,0121,Mysterious Pokémon,1.1 m (3′07″),80.0 kg (176.4 lbs)
0122,0122,Barrier Pokémon,1.3 m (4′03″),54.5 kg (120.2 lbs)
0122,0122,Barrier Pokémon,1.3 m (4′03″),54.5 kg (120.2 lbs)
0123,0123,Mantis Pokémon,1.5 m (4′11″),56.0 kg (123.5 lbs)
0124,0124,Human Shape Pokémon,1.4 m (4′07″),40.6 kg (89.5 lbs)
0125,0125,Electric Pokémon,1.1 m (3′07″),30.0 kg (66.1 lbs)
0126,0126,Spitfire Pokémon,1.3 m (4′03″),44.5 kg (98.1 lbs)
0127,0127,Stag Beetle Pokémon,1.5 m (4′11″),55.0 kg (121.3 lbs)
0127,0127,Stag Beetle Pokémon,1.5 m (4′11″),55.0 kg (121.3 lbs)
0128,0128,Wild Bull Pokémon,1.4 m (4′07″),88.4 kg (194.9 lbs)
0128,0128,Wild Bull Pokémon,1.4 m (4′07″),88.4 kg (194.9 lbs)
0128,0128,Wild Bull Pokémon,1.4 m (4′07″),88.4 kg (194.9 lbs)
0128,0128,Wild Bull Pokémon,1.4 m (4′07″),88.4 kg (194.9 lbs)
0129,0129,Fish Pokémon,0.9 m (2′11″),10.0 kg (22.0 lbs)
0130,0130,Atrocious Pokémon,6.5 m (21′04″),235.0 kg (518.1 lbs)
0130,0130,Atrocious Pokémon,6.5 m (21′04″),235.0 kg (518.1 lbs)
0131,0131,Transport Pokémon,2.5 m (8′02″),220.0 kg (485.0 lbs)
0132,0132,Transform Pokémon,0.3 m (1′00″),4.0 kg (8.8 lbs)
0133,0133,Evolution Pokémon,0.3 m (1′00″),6.5 kg (14.3 lbs)
0133,0133,Evolution Pokémon,0.3 m (1′00″),6.5 kg (14.3 lbs)
0134,0134,Bubble Jet Pokémon,1.0 m (3′03″),29.0 kg (63.9 lbs)
0135,0135,Lightning Pokémon,0.8 m (2′07″),24.5 kg (54.0 lbs)
0136,0136,Flame Pokémon,0.9 m (2′11″),25.0 kg (55.1 lbs)
0137,0137,Virtual Pokémon,0.8 m (2′07″),36.5 kg (80.5 lbs)
0138,0138,Spiral Pokémon,0.4 m (1′04″),7.5 kg (16.5 lbs)
0139,0139,Spiral Pokémon,1.0 m (3′03″),35.0 kg (77.2 lbs)
0140,0140,Shellfish Pokémon,0.5 m (1′08″),11.5 kg (25.4 lbs)
0141,0141,Shellfish Pokémon,1.3 m (4′03″),40.5 kg (89.3 lbs)
0142,0142,Fossil Pokémon,1.8 m (5′11″),59.0 kg (130.1 lbs)
0142,0142,Fossil Pokémon,1.8 m (5′11″),59.0 kg (130.1 lbs)
0143,0143,Sleeping Pokémon,2.1 m (6′11″),460.0 kg (1014.1 lbs)
0144,0144,Freeze Pokémon,1.7 m (5′07″),55.4 kg (122.1 lbs)
0144,0144,Freeze Pokémon,1.7 m (5′07″),55.4 kg (122.1 lbs)
0145,0145,Electric Pokémon,1.6 m (5′03″),52.6 kg (116.0 lbs)
0145,0145,Electric Pokémon,1.6 m (5′03″),52.6 kg (116.0 lbs)
0146,0146,Flame Pokémon,2.0 m (6′07″),60.0 kg (132.3 lbs)
0146,0146,Flame Pokémon,2.0 m (6′07″),60.0 kg (132.3 lbs)
0147,0147,Dragon Pokémon,1.8 m (5′11″),3.3 kg (7.3 lbs)
0148,0148,Dragon Pokémon,4.0 m (13′01″),16.5 kg (36.4 lbs)
0149,0149,Dragon Pokémon,2.2 m (7′03″),210.0 kg (463.0 lbs)
0150,0150,Genetic Pokémon,2.0 m (6′07″),122.0 kg (269.0 lbs)
0150,0150,Genetic Pokémon,2.0 m (6′07″),122.0 kg (269.0 lbs)
0150,0150,Genetic Pokémon,2.0 m (6′07″),122.0 kg (269.0 lbs)
0151,0151,New Species Pokémon,0.4 m (1′04″),4.0 kg (8.8 lbs)
0152,0152,Leaf Pokémon,0.9 m (2′11″),6.4 kg (14.1 lbs)
0153,0153,Leaf Pokémon,1.2 m (3′11″),15.8 kg (34.8 lbs)
0154,0154,Herb Pokémon,1.8 m (5′11″),100.5 kg (221.6 lbs)
0155,0155,Fire Mouse Pokémon,0.5 m (1′08″),7.9 kg (17.4 lbs)
0156,0156,Volcano Pokémon,0.9 m (2′11″),19.0 kg (41.9 lbs)
0157,0157,Volcano Pokémon,1.7 m (5′07″),79.5 kg (175.3 lbs)
0157,0157,Volcano Pokémon,1.7 m (5′07″),79.5 kg (175.3 lbs)
0158,0158,Big Jaw Pokémon,0.6 m (2′00″),9.5 kg (20.9 lbs)
0159,0159,Big Jaw Pokémon,1.1 m (3′07″),25.0 kg (55.1 lbs)
0160,0160,Big Jaw Pokémon,2.3 m (7′07″),88.8 kg (195.8 lbs)
0161,0161,Scout Pokémon,0.8 m (2′07″),6.0 kg (13.2 lbs)
0162,0162,Long Body Pokémon,1.8 m (5′11″),32.5 kg (71.7 lbs)
0163,0163,Owl Pokémon,0.7 m (2′04″),21.2 kg (46.7 lbs)
0164,0164,Owl Pokémon,1.6 m (5′03″),40.8 kg (89.9 lbs)
0165,0165,Five Star Pokémon,1.0 m (3′03″),10.8 kg (23.8 lbs)
0166,0166,Five Star Pokémon,1.4 m (4′07″),35.6 kg (78.5 lbs)
0167,0167,String Spit Pokémon,0.5 m (1′08″),8.5 kg (18.7 lbs)
0168,0168,Long Leg Pokémon,1.1 m (3′07″),33.5 kg (73.9 lbs)
0169,0169,Bat Pokémon,1.8 m (5′11″),75.0 kg (165.3 lbs)
0170,0170,Angler Pokémon,0.5 m (1′08″),12.0 kg (26.5 lbs)
0171,0171,Light Pokémon,1.2 m (3′11″),22.5 kg (49.6 lbs)
0172,0172,Tiny Mouse Pokémon,0.3 m (1′00″),2.0 kg (4.4 lbs)
0173,0173,Star Shape Pokémon,0.3 m (1′00″),3.0 kg (6.6 lbs)
0174,0174,Balloon Pokémon,0.3 m (1′00″),1.0 kg (2.2 lbs)
0175,0175,Spike Ball Pokémon,0.3 m (1′00″),1.5 kg (3.3 lbs)
0176,0176,Happiness Pokémon,0.6 m (2′00″),3.2 kg (7.1 lbs)
0177,0177,Tiny Bird Pokémon,0.2 m (0′08″),2.0 kg (4.4 lbs)
0178,0178,Mystic Pokémon,1.5 m (4′11″),15.0 kg (33.1 lbs)
0179,0179,Wool Pokémon,0.6 m (2′00″),7.8 kg (17.2 lbs)
0180,0180,Wool Pokémon,0.8 m (2′07″),13.3 kg (29.3 lbs)
0181,0181,Light Pokémon,1.4 m (4′07″),61.5 kg (135.6 lbs)
0181,0181,Light Pokémon,1.4 m (4′07″),61.5 kg (135.6 lbs)
0182,0182,Flower Pokémon,0.4 m (1′04″),5.8 kg (12.8 lbs)
0183,0183,Aqua Mouse Pokémon,0.4 m (1′04″),8.5 kg (18.7 lbs)
0184,0184,Aqua Rabbit Pokémon,0.8 m (2′07″),28.5 kg (62.8 lbs)
0185,0185,Imitation Pokémon,1.2 m (3′11″),38.0 kg (83.8 lbs)
0186,0186,Frog Pokémon,1.1 m (3′07″),33.9 kg (74.7 lbs)
0187,0187,Cottonweed Pokémon,0.4 m (1′04″),0.5 kg (1.1 lbs)
0188,0188,Cottonweed Pokémon,0.6 m (2′00″),1.0 kg (2.2 lbs)
0189,0189,Cottonweed Pokémon,0.8 m (2′07″),3.0 kg (6.6 lbs)
0190,0190,Long Tail Pokémon,0.8 m (2′07″),11.5 kg (25.4 lbs)
0191,0191,Seed Pokémon,0.3 m (1′00″),1.8 kg (4.0 lbs)
0192,0192,Sun Pokémon,0.8 m (2′07″),8.5 kg (18.7 lbs)
0193,0193,Clear Wing Pokémon,1.2 m (3′11″),38.0 kg (83.8 lbs)
0194,0194,Water Fish Pokémon,0.4 m (1′04″),8.5 kg (18.7 lbs)
0194,0194,Water Fish Pokémon,0.4 m (1′04″),8.5 kg (18.7 lbs)
0195,0195,Water Fish Pokémon,1.4 m (4′07″),75.0 kg (165.3 lbs)
0196,0196,Sun Pokémon,0.9 m (2′11″),26.5 kg (58.4 lbs)
0197,0197,Moonlight Pokémon,1.0 m (3′03″),27.0 kg (59.5 lbs)
0198,0198,Darkness Pokémon,0.5 m (1′08″),2.1 kg (4.6 lbs)
0199,0199,Royal Pokémon,2.0 m (6′07″),79.5 kg (175.3 lbs)
0199,0199,Royal Pokémon,2.0 m (6′07″),79.5 kg (175.3 lbs)
0200,0200,Screech Pokémon,0.7 m (2′04″),1.0 kg (2.2 lbs)
0201,0201,Symbol Pokémon,0.5 m (1′08″),5.0 kg (11.0 lbs)
0202,0202,Patient Pokémon,1.3 m (4′03″),28.5 kg (62.8 lbs)
0203,0203,Long Neck Pokémon,1.5 m (4′11″),41.5 kg (91.5 lbs)
0204,0204,Bagworm Pokémon,0.6 m (2′00″),7.2 kg (15.9 lbs)
0205,0205,Bagworm Pokémon,1.2 m (3′11″),125.8 kg (277.3 lbs)
0206,0206,Land Snake Pokémon,1.5 m (4′11″),14.0 kg (30.9 lbs)
0207,0207,FlyScorpion Pokémon,1.1 m (3′07″),64.8 kg (142.9 lbs)
0208,0208,Iron Snake Pokémon,9.2 m (30′02″),400.0 kg (881.8 lbs)
0208,0208,Iron Snake Pokémon,9.2 m (30′02″),400.0 kg (881.8 lbs)
0209,0209,Fairy Pokémon,0.6 m (2′00″),7.8 kg (17.2 lbs)
0210,0210,Fairy Pokémon,1.4 m (4′07″),48.7 kg (107.4 lbs)
0211,0211,Balloon Pokémon,0.5 m (1′08″),3.9 kg (8.6 lbs)
0211,0211,Balloon Pokémon,0.5 m (1′08″),3.9 kg (8.6 lbs)
0212,0212,Pincer Pokémon,1.8 m (5′11″),118.0 kg (260.1 lbs)
0212,0212,Pincer Pokémon,1.8 m (5′11″),118.0 kg (260.1 lbs)
0213,0213,Mold Pokémon,0.6 m (2′00″),20.5 kg (45.2 lbs)
0214,0214,Single Horn Pokémon,1.5 m (4′11″),54.0 kg (119.0 lbs)
0214,0214,Single Horn Pokémon,1.5 m (4′11″),54.0 kg (119.0 lbs)
0215,0215,Sharp Claw Pokémon,0.9 m (2′11″),28.0 kg (61.7 lbs)
0215,0215,Sharp Claw Pokémon,0.9 m (2′11″),28.0 kg (61.7 lbs)
0216,0216,Little Bear Pokémon,0.6 m (2′00″),8.8 kg (19.4 lbs)
0217,0217,Hibernator Pokémon,1.8 m (5′11″),125.8 kg (277.3 lbs)
0218,0218,Lava Pokémon,0.7 m (2′04″),35.0 kg (77.2 lbs)
0219,0219,Lava Pokémon,0.8 m (2′07″),55.0 kg (121.3 lbs)
0220,0220,Pig Pokémon,0.4 m (1′04″),6.5 kg (14.3 lbs)
0221,0221,Swine Pokémon,1.1 m (3′07″),55.8 kg (123.0 lbs)
0222,0222,Coral Pokémon,0.6 m (2′00″),5.0 kg (11.0 lbs)
0222,0222,Coral Pokémon,0.6 m (2′00″),5.0 kg (11.0 lbs)
0223,0223,Jet Pokémon,0.6 m (2′00″),12.0 kg (26.5 lbs)
0224,0224,Jet Pokémon,0.9 m (2′11″),28.5 kg (62.8 lbs)
0225,0225,Delivery Pokémon,0.9 m (2′11″),16.0 kg (35.3 lbs)
0226,0226,Kite Pokémon,2.1 m (6′11″),220.0 kg (485.0 lbs)
0227,0227,Armor Bird Pokémon,1.7 m (5′07″),50.5 kg (111.3 lbs)
0228,0228,Dark Pokémon,0.6 m (2′00″),10.8 kg (23.8 lbs)
0229,0229,Dark Pokémon,1.4 m (4′07″),35.0 kg (77.2 lbs)
0229,0229,Dark Pokémon,1.4 m (4′07″),35.0 kg (77.2 lbs)
0230,0230,Dragon Pokémon,1.8 m (5′11″),152.0 kg (335.1 lbs)
0231,0231,Long Nose Pokémon,0.5 m (1′08″),33.5 kg (73.9 lbs)
0232,0232,Armor Pokémon,1.1 m (3′07″),120.0 kg (264.6 lbs)
0233,0233,Virtual Pokémon,0.6 m (2′00″),32.5 kg (71.7 lbs)
0234,0234,Big Horn Pokémon,1.4 m (4′07″),71.2 kg (157.0 lbs)
0235,0235,Painter Pokémon,1.2 m (3′11″),58.0 kg (127.9 lbs)
0236,0236,Scuffle Pokémon,0.7 m (2′04″),21.0 kg (46.3 lbs)
0237,0237,Handstand Pokémon,1.4 m (4′07″),48.0 kg (105.8 lbs)
0238,0238,Kiss Pokémon,0.4 m (1′04″),6.0 kg (13.2 lbs)
0239,0239,Electric Pokémon,0.6 m (2′00″),23.5 kg (51.8 lbs)
0240,0240,Live Coal Pokémon,0.7 m (2′04″),21.4 kg (47.2 lbs)
0241,0241,Milk Cow Pokémon,1.2 m (3′11″),75.5 kg (166.4 lbs)
0242,0242,Happiness Pokémon,1.5 m (4′11″),46.8 kg (103.2 lbs)
0243,0243,Thunder Pokémon,1.9 m (6′03″),178.0 kg (392.4 lbs)
0244,0244,Volcano Pokémon,2.1 m (6′11″),198.0 kg (436.5 lbs)
0245,0245,Aurora Pokémon,2.0 m (6′07″),187.0 kg (412.3 lbs)
0246,0246,Rock Skin Pokémon,0.6 m (2′00″),72.0 kg (158.7 lbs)
0247,0247,Hard Shell Pokémon,1.2 m (3′11″),152.0 kg (335.1 lbs)
0248,0248,Armor Pokémon,2.0 m (6′07″),202.0 kg (445.3 lbs)
0248,0248,Armor Pokémon,2.0 m (6′07″),202.0 kg (445.3 lbs)
0249,0249,Diving Pokémon,5.2 m (17′01″),216.0 kg (476.2 lbs)
0250,0250,Rainbow Pokémon,3.8 m (12′06″),199.0 kg (438.7 lbs)
0251,0251,Time Travel Pokémon,0.6 m (2′00″),5.0 kg (11.0 lbs)
0252,0252,Wood Gecko Pokémon,0.5 m (1′08″),5.0 kg (11.0 lbs)
0253,0253,Wood Gecko Pokémon,0.9 m (2′11″),21.6 kg (47.6 lbs)
0254,0254,Forest Pokémon,1.7 m (5′07″),52.2 kg (115.1 lbs)
0254,0254,Forest Pokémon,1.7 m (5′07″),52.2 kg (115.1 lbs)
0255,0255,Chick Pokémon,0.4 m (1′04″),2.5 kg (5.5 lbs)
0256,0256,Young Fowl Pokémon,0.9 m (2′11″),19.5 kg (43.0 lbs)
0257,0257,Blaze Pokémon,1.9 m (6′03″),52.0 kg (114.6 lbs)
0257,0257,Blaze Pokémon,1.9 m (6′03″),52.0 kg (114.6 lbs)
0258,0258,Mud Fish Pokémon,0.4 m (1′04″),7.6 kg (16.8 lbs)
0259,0259,Mud Fish Pokémon,0.7 m (2′04″),28.0 kg (61.7 lbs)
0260,0260,Mud Fish Pokémon,1.5 m (4′11″),81.9 kg (180.6 lbs)
0260,0260,Mud Fish Pokémon,1.5 m (4′11″),81.9 kg (180.6 lbs)
0261,0261,Bite Pokémon,0.5 m (1′08″),13.6 kg (30.0 lbs)
0262,0262,Bite Pokémon,1.0 m (3′03″),37.0 kg (81.6 lbs)
0263,0263,TinyRaccoon Pokémon,0.4 m (1′04″),17.5 kg (38.6 lbs)
0263,0263,TinyRaccoon Pokémon,0.4 m (1′04″),17.5 kg (38.6 lbs)
0264,0264,Rushing Pokémon,0.5 m (1′08″),32.5 kg (71.7 lbs)
0264,0264,Rushing Pokémon,0.5 m (1′08″),32.5 kg (71.7 lbs)
0265,0265,Worm Pokémon,0.3 m (1′00″),3.6 kg (7.9 lbs)
0266,0266,Cocoon Pokémon,0.6 m (2′00″),10.0 kg (22.0 lbs)
0267,0267,Butterfly Pokémon,1.0 m (3′03″),28.4 kg (62.6 lbs)
0268,0268,Cocoon Pokémon,0.7 m (2′04″),11.5 kg (25.4 lbs)
0269,0269,Poison Moth Pokémon,1.2 m (3′11″),31.6 kg (69.7 lbs)
0270,0270,Water Weed Pokémon,0.5 m (1′08″),2.6 kg (5.7 lbs)
0271,0271,Jolly Pokémon,1.2 m (3′11″),32.5 kg (71.7 lbs)
0272,0272,Carefree Pokémon,1.5 m (4′11″),55.0 kg (121.3 lbs)
0273,0273,Acorn Pokémon,0.5 m (1′08″),4.0 kg (8.8 lbs)
0274,0274,Wily Pokémon,1.0 m (3′03″),28.0 kg (61.7 lbs)
0275,0275,Wicked Pokémon,1.3 m (4′03″),59.6 kg (131.4 lbs)
0276,0276,TinySwallow Pokémon,0.3 m (1′00″),2.3 kg (5.1 lbs)
0277,0277,Swallow Pokémon,0.7 m (2′04″),19.8 kg (43.7 lbs)
0278,0278,Seagull Pokémon,0.6 m (2′00″),9.5 kg (20.9 lbs)
0279,0279,Water Bird Pokémon,1.2 m (3′11″),28.0 kg (61.7 lbs)
0280,0280,Feeling Pokémon,0.4 m (1′04″),6.6 kg (14.6 lbs)
0281,0281,Emotion Pokémon,0.8 m (2′07″),20.2 kg (44.5 lbs)
0282,0282,Embrace Pokémon,1.6 m (5′03″),48.4 kg (106.7 lbs)
0282,0282,Embrace Pokémon,1.6 m (5′03″),48.4 kg (106.7 lbs)
0283,0283,Pond Skater Pokémon,0.5 m (1′08″),1.7 kg (3.7 lbs)
0284,0284,Eyeball Pokémon,0.8 m (2′07″),3.6 kg (7.9 lbs)
0285,0285,Mushroom Pokémon,0.4 m (1′04″),4.5 kg (9.9 lbs)
0286,0286,Mushroom Pokémon,1.2 m (3′11″),39.2 kg (86.4 lbs)
0287,0287,Slacker Pokémon,0.8 m (2′07″),24.0 kg (52.9 lbs)
0288,0288,Wild Monkey Pokémon,1.4 m (4′07″),46.5 kg (102.5 lbs)
0289,0289,Lazy Pokémon,2.0 m (6′07″),130.5 kg (287.7 lbs)
0290,0290,Trainee Pokémon,0.5 m (1′08″),5.5 kg (12.1 lbs)
0291,0291,Ninja Pokémon,0.8 m (2′07″),12.0 kg (26.5 lbs)
0292,0292,Shed Pokémon,0.8 m (2′07″),1.2 kg (2.6 lbs)
0293,0293,Whisper Pokémon,0.6 m (2′00″),16.3 kg (35.9 lbs)
0294,0294,Big Voice Pokémon,1.0 m (3′03″),40.5 kg (89.3 lbs)
0295,0295,Loud Noise Pokémon,1.5 m (4′11″),84.0 kg (185.2 lbs)
0296,0296,Guts Pokémon,1.0 m (3′03″),86.4 kg (190.5 lbs)
0297,0297,Arm Thrust Pokémon,2.3 m (7′07″),253.8 kg (559.5 lbs)
0298,0298,Polka Dot Pokémon,0.2 m (0′08″),2.0 kg (4.4 lbs)
0299,0299,Compass Pokémon,1.0 m (3′03″),97.0 kg (213.8 lbs)
0300,0300,Kitten Pokémon,0.6 m (2′00″),11.0 kg (24.3 lbs)
0301,0301,Prim Pokémon,1.1 m (3′07″),32.6 kg (71.9 lbs)
0302,0302,Darkness Pokémon,0.5 m (1′08″),11.0 kg (24.3 lbs)
0302,0302,Darkness Pokémon,0.5 m (1′08″),11.0 kg (24.3 lbs)
0303,0303,Deceiver Pokémon,0.6 m (2′00″),11.5 kg (25.4 lbs)
0303,0303,Deceiver Pokémon,0.6 m (2′00″),11.5 kg (25.4 lbs)
0304,0304,Iron Armor Pokémon,0.4 m (1′04″),60.0 kg (132.3 lbs)
0305,0305,Iron Armor Pokémon,0.9 m (2′11″),120.0 kg (264.6 lbs)
0306,0306,Iron Armor Pokémon,2.1 m (6′11″),360.0 kg (793.7 lbs)
0306,0306,Iron Armor Pokémon,2.1 m (6′11″),360.0 kg (793.7 lbs)
0307,0307,Meditate Pokémon,0.6 m (2′00″),11.2 kg (24.7 lbs)
0308,0308,Meditate Pokémon,1.3 m (4′03″),31.5 kg (69.4 lbs)
0308,0308,Meditate Pokémon,1.3 m (4′03″),31.5 kg (69.4 lbs)
0309,0309,Lightning Pokémon,0.6 m (2′00″),15.2 kg (33.5 lbs)
0310,0310,Discharge Pokémon,1.5 m (4′11″),40.2 kg (88.6 lbs)
0310,0310,Discharge Pokémon,1.5 m (4′11″),40.2 kg (88.6 lbs)
0311,0311,Cheering Pokémon,0.4 m (1′04″),4.2 kg (9.3 lbs)
0312,0312,Cheering Pokémon,0.4 m (1′04″),4.2 kg (9.3 lbs)
0313,0313,Firefly Pokémon,0.7 m (2′04″),17.7 kg (39.0 lbs)
0314,0314,Firefly Pokémon,0.6 m (2′00″),17.7 kg (39.0 lbs)
0315,0315,Thorn Pokémon,0.3 m (1′00″),2.0 kg (4.4 lbs)
0316,0316,Stomach Pokémon,0.4 m (1′04″),10.3 kg (22.7 lbs)
0317,0317,Poison Bag Pokémon,1.7 m (5′07″),80.0 kg (176.4 lbs)
0318,0318,Savage Pokémon,0.8 m (2′07″),20.8 kg (45.9 lbs)
0319,0319,Brutal Pokémon,1.8 m (5′11″),88.8 kg (195.8 lbs)
0319,0319,Brutal Pokémon,1.8 m (5′11″),88.8 kg (195.8 lbs)
0320,0320,Ball Whale Pokémon,2.0 m (6′07″),130.0 kg (286.6 lbs)
0321,0321,Float Whale Pokémon,14.5 m (47′07″),398.0 kg (877.4 lbs)
0322,0322,Numb Pokémon,0.7 m (2′04″),24.0 kg (52.9 lbs)
0323,0323,Eruption Pokémon,1.9 m (6′03″),220.0 kg (485.0 lbs)
0323,0323,Eruption Pokémon,1.9 m (6′03″),220.0 kg (485.0 lbs)
0324,0324,Coal Pokémon,0.5 m (1′08″),80.4 kg (177.3 lbs)
0325,0325,Bounce Pokémon,0.7 m (2′04″),30.6 kg (67.5 lbs)
0326,0326,Manipulate Pokémon,0.9 m (2′11″),71.5 kg (157.6 lbs)
0327,0327,Spot Panda Pokémon,1.1 m (3′07″),5.0 kg (11.0 lbs)
0328,0328,Ant Pit Pokémon,0.7 m (2′04″),15.0 kg (33.1 lbs)
0329,0329,Vibration Pokémon,1.1 m (3′07″),15.3 kg (33.7 lbs)
0330,0330,Mystic Pokémon,2.0 m (6′07″),82.0 kg (180.8 lbs)
0331,0331,Cactus Pokémon,0.4 m (1′04″),51.3 kg (113.1 lbs)
0332,0332,Scarecrow Pokémon,1.3 m (4′03″),77.4 kg (170.6 lbs)
0333,0333,Cotton Bird Pokémon,0.4 m (1′04″),1.2 kg (2.6 lbs)
0334,0334,Humming Pokémon,1.1 m (3′07″),20.6 kg (45.4 lbs)
0334,0334,Humming Pokémon,1.1 m (3′07″),20.6 kg (45.4 lbs)
0335,0335,Cat Ferret Pokémon,1.3 m (4′03″),40.3 kg (88.8 lbs)
0336,0336,Fang Snake Pokémon,2.7 m (8′10″),52.5 kg (115.7 lbs)
0337,0337,Meteorite Pokémon,1.0 m (3′03″),168.0 kg (370.4 lbs)
0338,0338,Meteorite Pokémon,1.2 m (3′11″),154.0 kg (339.5 lbs)
0339,0339,Whiskers Pokémon,0.4 m (1′04″),1.9 kg (4.2 lbs)
0340,0340,Whiskers Pokémon,0.9 m (2′11″),23.6 kg (52.0 lbs)
0341,0341,Ruffian Pokémon,0.6 m (2′00″),11.5 kg (25.4 lbs)
0342,0342,Rogue Pokémon,1.1 m (3′07″),32.8 kg (72.3 lbs)
0343,0343,Clay Doll Pokémon,0.5 m (1′08″),21.5 kg (47.4 lbs)
0344,0344,Clay Doll Pokémon,1.5 m (4′11″),108.0 kg (238.1 lbs)
0345,0345,Sea Lily Pokémon,1.0 m (3′03″),23.8 kg (52.5 lbs)
0346,0346,Barnacle Pokémon,1.5 m (4′11″),60.4 kg (133.2 lbs)
0347,0347,Old Shrimp Pokémon,0.7 m (2′04″),12.5 kg (27.6 lbs)
0348,0348,Plate Pokémon,1.5 m (4′11″),68.2 kg (150.4 lbs)
0349,0349,Fish Pokémon,0.6 m (2′00″),7.4 kg (16.3 lbs)
0350,0350,Tender Pokémon,6.2 m (20′04″),162.0 kg (357.1 lbs)
0351,0351,Weather Pokémon,0.3 m (1′00″),0.8 kg (1.8 lbs)
0351,0351,Weather Pokémon,0.3 m (1′00″),0.8 kg (1.8 lbs)
0351,0351,Weather Pokémon,0.3 m (1′00″),0.8 kg (1.8 lbs)
0351,0351,Weather Pokémon,0.3 m (1′00″),0.8 kg (1.8 lbs)
0352,0352,Color Swap Pokémon,1.0 m (3′03″),22.0 kg (48.5 lbs)
0353,0353,Puppet Pokémon,0.6 m (2′00″),2.3 kg (5.1 lbs)
0354,0354,Marionette Pokémon,1.1 m (3′07″),12.5 kg (27.6 lbs)
0354,0354,Marionette Pokémon,1.1 m (3′07″),12.5 kg (27.6 lbs)
0355,0355,Requiem Pokémon,0.8 m (2′07″),15.0 kg (33.1 lbs)
0356,0356,Beckon Pokémon,1.6 m (5′03″),30.6 kg (67.5 lbs)
0357,0357,Fruit Pokémon,2.0 m (6′07″),100.0 kg (220.5 lbs)
0358,0358,Wind Chime Pokémon,0.6 m (2′00″),1.0 kg (2.2 lbs)
0359,0359,Disaster Pokémon,1.2 m (3′11″),47.0 kg (103.6 lbs)
0359,0359,Disaster Pokémon,1.2 m (3′11″),47.0 kg (103.6 lbs)
0360,0360,Bright Pokémon,0.6 m (2′00″),14.0 kg (30.9 lbs)
0361,0361,Snow Hat Pokémon,0.7 m (2′04″),16.8 kg (37.0 lbs)
0362,0362,Face Pokémon,1.5 m (4′11″),256.5 kg (565.5 lbs)
0362,0362,Face Pokémon,1.5 m (4′11″),256.5 kg (565.5 lbs)
0363,0363,Clap Pokémon,0.8 m (2′07″),39.5 kg (87.1 lbs)
0364,0364,Ball Roll Pokémon,1.1 m (3′07″),87.6 kg (193.1 lbs)
0365,0365,Ice Break Pokémon,1.4 m (4′07″),150.6 kg (332.0 lbs)
0366,0366,Bivalve Pokémon,0.4 m (1′04″),52.5 kg (115.7 lbs)
0367,0367,Deep Sea Pokémon,1.7 m (5′07″),27.0 kg (59.5 lbs)
0368,0368,South Sea Pokémon,1.8 m (5′11″),22.6 kg (49.8 lbs)
0369,0369,Longevity Pokémon,1.0 m (3′03″),23.4 kg (51.6 lbs)
0370,0370,Rendezvous Pokémon,0.6 m (2′00″),8.7 kg (19.2 lbs)
0371,0371,Rock Head Pokémon,0.6 m (2′00″),42.1 kg (92.8 lbs)
0372,0372,Endurance Pokémon,1.1 m (3′07″),110.5 kg (243.6 lbs)
0373,0373,Dragon Pokémon,1.5 m (4′11″),102.6 kg (226.2 lbs)
0373,0373,Dragon Pokémon,1.5 m (4′11″),102.6 kg (226.2 lbs)
0374,0374,Iron Ball Pokémon,0.6 m (2′00″),95.2 kg (209.9 lbs)
0375,0375,Iron Claw Pokémon,1.2 m (3′11″),202.5 kg (446.4 lbs)
0376,0376,Iron Leg Pokémon,1.6 m (5′03″),550.0 kg (1212.5 lbs)
0376,0376,Iron Leg Pokémon,1.6 m (5′03″),550.0 kg (1212.5 lbs)
0377,0377,Rock Peak Pokémon,1.7 m (5′07″),230.0 kg (507.1 lbs)
0378,0378,Iceberg Pokémon,1.8 m (5′11″),175.0 kg (385.8 lbs)
0379,0379,Iron Pokémon,1.9 m (6′03″),205.0 kg (451.9 lbs)
0380,0380,Eon Pokémon,1.4 m (4′07″),40.0 kg (88.2 lbs)
0380,0380,Eon Pokémon,1.4 m (4′07″),40.0 kg (88.2 lbs)
0381,0381,Eon Pokémon,2.0 m (6′07″),60.0 kg (132.3 lbs)
0381,0381,Eon Pokémon,2.0 m (6′07″),60.0 kg (132.3 lbs)
0382,0382,Sea Basin Pokémon,4.5 m (14′09″),352.0 kg (776.0 lbs)
0382,0382,Sea Basin Pokémon,4.5 m (14′09″),352.0 kg (776.0 lbs)
0383,0383,Continent Pokémon,3.5 m (11′06″),950.0 kg (2094.4 lbs)
0383,0383,Continent Pokémon,3.5 m (11′06″),950.0 kg (2094.4 lbs)
0384,0384,Sky High Pokémon,7.0 m (23′00″),206.5 kg (455.3 lbs)
0384,0384,Sky High Pokémon,7.0 m (23′00″),206.5 kg (455.3 lbs)
0385,0385,Wish Pokémon,0.3 m (1′00″),1.1 kg (2.4 lbs)
0386,0386,DNA Pokémon,1.7 m (5′07″),60.8 kg (134.0 lbs)
0386,0386,DNA Pokémon,1.7 m (5′07″),60.8 kg (134.0 lbs)
0386,0386,DNA Pokémon,1.7 m (5′07″),60.8 kg (134.0 lbs)
0386,0386,DNA Pokémon,1.7 m (5′07″),60.8 kg (134.0 lbs)
0387,0387,Tiny Leaf Pokémon,0.4 m (1′04″),10.2 kg (22.5 lbs)
0388,0388,Grove Pokémon,1.1 m (3′07″),97.0 kg (213.8 lbs)
0389,0389,Continent Pokémon,2.2 m (7′03″),310.0 kg (683.4 lbs)
0390,0390,Chimp Pokémon,0.5 m (1′08″),6.2 kg (13.7 lbs)
0391,0391,Playful Pokémon,0.9 m (2′11″),22.0 kg (48.5 lbs)
0392,0392,Flame Pokémon,1.2 m (3′11″),55.0 kg (121.3 lbs)
0393,0393,Penguin Pokémon,0.4 m (1′04″),5.2 kg (11.5 lbs)
0394,0394,Penguin Pokémon,0.8 m (2′07″),23.0 kg (50.7 lbs)
0395,0395,Emperor Pokémon,1.7 m (5′07″),84.5 kg (186.3 lbs)
0396,0396,Starling Pokémon,0.3 m (1′00″),2.0 kg (4.4 lbs)
0397,0397,Starling Pokémon,0.6 m (2′00″),15.5 kg (34.2 lbs)
0398,0398,Predator Pokémon,1.2 m (3′11″),24.9 kg (54.9 lbs)
0399,0399,Plump Mouse Pokémon,0.5 m (1′08″),20.0 kg (44.1 lbs)
0400,0400,Beaver Pokémon,1.0 m (3′03″),31.5 kg (69.4 lbs)
0401,0401,Cricket Pokémon,0.3 m (1′00″),2.2 kg (4.9 lbs)
0402,0402,Cricket Pokémon,1.0 m (3′03″),25.5 kg (56.2 lbs)
0403,0403,Flash Pokémon,0.5 m (1′08″),9.5 kg (20.9 lbs)
0404,0404,Spark Pokémon,0.9 m (2′11″),30.5 kg (67.2 lbs)
0405,0405,Gleam Eyes Pokémon,1.4 m (4′07″),42.0 kg (92.6 lbs)
0406,0406,Bud Pokémon,0.2 m (0′08″),1.2 kg (2.6 lbs)
0407,0407,Bouquet Pokémon,0.9 m (2′11″),14.5 kg (32.0 lbs)
0408,0408,Head Butt Pokémon,0.9 m (2′11″),31.5 kg (69.4 lbs)
0409,0409,Head Butt Pokémon,1.6 m (5′03″),102.5 kg (226.0 lbs)
0410,0410,Shield Pokémon,0.5 m (1′08″),57.0 kg (125.7 lbs)
0411,0411,Shield Pokémon,1.3 m (4′03″),149.5 kg (329.6 lbs)
0412,0412,Bagworm Pokémon,0.2 m (0′08″),3.4 kg (7.5 lbs)
0412,0412,Bagworm Pokémon,0.2 m (0′08″),3.4 kg (7.5 lbs)
0412,0412,Bagworm Pokémon,0.2 m (0′08″),3.4 kg (7.5 lbs)
0413,0413,Bagworm Pokémon,0.5 m (1′08″),6.5 kg (14.3 lbs)
0413,0413,Bagworm Pokémon,0.5 m (1′08″),6.5 kg (14.3 lbs)
0413,0413,Bagworm Pokémon,0.5 m (1′08″),6.5 kg (14.3 lbs)
0414,0414,Moth Pokémon,0.9 m (2′11″),23.3 kg (51.4 lbs)
0415,0415,Tiny Bee Pokémon,0.3 m (1′00″),5.5 kg (12.1 lbs)
0416,0416,Beehive Pokémon,1.2 m (3′11″),38.5 kg (84.9 lbs)
0417,0417,EleSquirrel Pokémon,0.4 m (1′04″),3.9 kg (8.6 lbs)
0418,0418,Sea Weasel Pokémon,0.7 m (2′04″),29.5 kg (65.0 lbs)
0419,0419,Sea Weasel Pokémon,1.1 m (3′07″),33.5 kg (73.9 lbs)
0420,0420,Cherry Pokémon,0.4 m (1′04″),3.3 kg (7.3 lbs)
0421,0421,Blossom Pokémon,0.5 m (1′08″),9.3 kg (20.5 lbs)
0422,0422,Sea Slug Pokémon,0.3 m (1′00″),6.3 kg (13.9 lbs)
0423,0423,Sea Slug Pokémon,0.9 m (2′11″),29.9 kg (65.9 lbs)
0424,0424,Long Tail Pokémon,1.2 m (3′11″),20.3 kg (44.8 lbs)
0425,0425,Balloon Pokémon,0.4 m (1′04″),1.2 kg (2.6 lbs)
0426,0426,Blimp Pokémon,1.2 m (3′11″),15.0 kg (33.1 lbs)
0427,0427,Rabbit Pokémon,0.4 m (1′04″),5.5 kg (12.1 lbs)
0428,0428,Rabbit Pokémon,1.2 m (3′11″),33.3 kg (73.4 lbs)
0428,0428,Rabbit Pokémon,1.2 m (3′11″),33.3 kg (73.4 lbs)
0429,0429,Magical Pokémon,0.9 m (2′11″),4.4 kg (9.7 lbs)
0430,0430,Big Boss Pokémon,0.9 m (2′11″),27.3 kg (60.2 lbs)
0431,0431,Catty Pokémon,0.5 m (1′08″),3.9 kg (8.6 lbs)
0432,0432,Tiger Cat Pokémon,1.0 m (3′03″),43.8 kg (96.6 lbs)
0433,0433,Bell Pokémon,0.2 m (0′08″),0.6 kg (1.3 lbs)
0434,0434,Skunk Pokémon,0.4 m (1′04″),19.2 kg (42.3 lbs)
0435,0435,Skunk Pokémon,1.0 m (3′03″),38.0 kg (83.8 lbs)
0436,0436,Bronze Pokémon,0.5 m (1′08″),60.5 kg (133.4 lbs)
0437,0437,Bronze Bell Pokémon,1.3 m (4′03″),187.0 kg (412.3 lbs)
0438,0438,Bonsai Pokémon,0.5 m (1′08″),15.0 kg (33.1 lbs)
0439,0439,Mime Pokémon,0.6 m (2′00″),13.0 kg (28.7 lbs)
0440,0440,Playhouse Pokémon,0.6 m (2′00″),24.4 kg (53.8 lbs)
0441,0441,Music Note Pokémon,0.5 m (1′08″),1.9 kg (4.2 lbs)
0442,0442,Forbidden Pokémon,1.0 m (3′03″),108.0 kg (238.1 lbs)
0443,0443,Land Shark Pokémon,0.7 m (2′04″),20.5 kg (45.2 lbs)
0444,0444,Cave Pokémon,1.4 m (4′07″),56.0 kg (123.5 lbs)
0445,0445,Mach Pokémon,1.9 m (6′03″),95.0 kg (209.4 lbs)
0445,0445,Mach Pokémon,1.9 m (6′03″),95.0 kg (209.4 lbs)
0446,0446,Big Eater Pokémon,0.6 m (2′00″),105.0 kg (231.5 lbs)
0447,0447,Emanation Pokémon,0.7 m (2′04″),20.2 kg (44.5 lbs)
0448,0448,Aura Pokémon,1.2 m (3′11″),54.0 kg (119.0 lbs)
0448,0448,Aura Pokémon,1.2 m (3′11″),54.0 kg (119.0 lbs)
0449,0449,Hippo Pokémon,0.8 m (2′07″),49.5 kg (109.1 lbs)
0450,0450,Heavyweight Pokémon,2.0 m (6′07″),300.0 kg (661.4 lbs)
0451,0451,Scorpion Pokémon,0.8 m (2′07″),12.0 kg (26.5 lbs)
0452,0452,Ogre Scorp Pokémon,1.3 m (4′03″),61.5 kg (135.6 lbs)
0453,0453,Toxic Mouth Pokémon,0.7 m (2′04″),23.0 kg (50.7 lbs)
0454,0454,Toxic Mouth Pokémon,1.3 m (4′03″),44.4 kg (97.9 lbs)
0455,0455,Bug Catcher Pokémon,1.4 m (4′07″),27.0 kg (59.5 lbs)
0456,0456,Wing Fish Pokémon,0.4 m (1′04″),7.0 kg (15.4 lbs)
0457,0457,Neon Pokémon,1.2 m (3′11″),24.0 kg (52.9 lbs)
0458,0458,Kite Pokémon,1.0 m (3′03″),65.0 kg (143.3 lbs)
0459,0459,Frost Tree Pokémon,1.0 m (3′03″),50.5 kg (111.3 lbs)
0460,0460,Frost Tree Pokémon,2.2 m (7′03″),135.5 kg (298.7 lbs)
0460,0460,Frost Tree Pokémon,2.2 m (7′03″),135.5 kg (298.7 lbs)
0461,0461,Sharp Claw Pokémon,1.1 m (3′07″),34.0 kg (75.0 lbs)
0462,0462,Magnet Area Pokémon,1.2 m (3′11″),180.0 kg (396.8 lbs)
0463,0463,Licking Pokémon,1.7 m (5′07″),140.0 kg (308.6 lbs)
0464,0464,Drill Pokémon,2.4 m (7′10″),282.8 kg (623.5 lbs)
0465,0465,Vine Pokémon,2.0 m (6′07″),128.6 kg (283.5 lbs)
0466,0466,Thunderbolt Pokémon,1.8 m (5′11″),138.6 kg (305.6 lbs)
0467,0467,Blast Pokémon,1.6 m (5′03″),68.0 kg (149.9 lbs)
0468,0468,Jubilee Pokémon,1.5 m (4′11″),38.0 kg (83.8 lbs)
0469,0469,Ogre Darner Pokémon,1.9 m (6′03″),51.5 kg (113.5 lbs)
0470,0470,Verdant Pokémon,1.0 m (3′03″),25.5 kg (56.2 lbs)
0471,0471,Fresh Snow Pokémon,0.8 m (2′07″),25.9 kg (57.1 lbs)
0472,0472,Fang Scorp Pokémon,2.0 m (6′07″),42.5 kg (93.7 lbs)
0473,0473,Twin Tusk Pokémon,2.5 m (8′02″),291.0 kg (641.5 lbs)
0474,0474,Virtual Pokémon,0.9 m (2′11″),34.0 kg (75.0 lbs)
0475,0475,Blade Pokémon,1.6 m (5′03″),52.0 kg (114.6 lbs)
0475,0475,Blade Pokémon,1.6 m (5′03″),52.0 kg (114.6 lbs)
0476,0476,Compass Pokémon,1.4 m (4′07″),340.0 kg (749.6 lbs)
0477,0477,Gripper Pokémon,2.2 m (7′03″),106.6 kg (235.0 lbs)
0478,0478,Snow Land Pokémon,1.3 m (4′03″),26.6 kg (58.6 lbs)
0479,0479,Plasma Pokémon,0.3 m (1′00″),0.3 kg (0.7 lbs)
0479,0479,Plasma Pokémon,0.3 m (1′00″),0.3 kg (0.7 lbs)
0479,0479,Plasma Pokémon,0.3 m (1′00″),0.3 kg (0.7 lbs)
0479,0479,Plasma Pokémon,0.3 m (1′00″),0.3 kg (0.7 lbs)
0479,0479,Plasma Pokémon,0.3 m (1′00″),0.3 kg (0.7 lbs)
0479,0479,Plasma Pokémon,0.3 m (1′00″),0.3 kg (0.7 lbs)
0480,0480,Knowledge Pokémon,0.3 m (1′00″),0.3 kg (0.7 lbs)
0481,0481,Emotion Pokémon,0.3 m (1′00″),0.3 kg (0.7 lbs)
0482,0482,Willpower Pokémon,0.3 m (1′00″),0.3 kg (0.7 lbs)
0483,0483,Temporal Pokémon,5.4 m (17′09″),683.0 kg (1505.8 lbs)
0483,0483,Temporal Pokémon,5.4 m (17′09″),683.0 kg (1505.8 lbs)
0484,0484,Spatial Pokémon,4.2 m (13′09″),336.0 kg (740.8 lbs)
0484,0484,Spatial Pokémon,4.2 m (13′09″),336.0 kg (740.8 lbs)
0485,0485,Lava Dome Pokémon,1.7 m (5′07″),430.0 kg (948.0 lbs)
0486,0486,Colossal Pokémon,3.7 m (12′02″),420.0 kg (925.9 lbs)
0487,0487,Renegade Pokémon,4.5 m (14′09″),750.0 kg (1653.5 lbs)
0487,0487,Renegade Pokémon,4.5 m (14′09″),750.0 kg (1653.5 lbs)
0488,0488,Lunar Pokémon,1.5 m (4′11″),85.6 kg (188.7 lbs)
0489,0489,Sea Drifter Pokémon,0.4 m (1′04″),3.1 kg (6.8 lbs)
0490,0490,Seafaring Pokémon,0.3 m (1′00″),1.4 kg (3.1 lbs)
0491,0491,Pitch-Black Pokémon,1.5 m (4′11″),50.5 kg (111.3 lbs)
0492,0492,Gratitude Pokémon,0.2 m (0′08″),2.1 kg (4.6 lbs)
0492,0492,Gratitude Pokémon,0.2 m (0′08″),2.1 kg (4.6 lbs)
0493,0493,Alpha Pokémon,3.2 m (10′06″),320.0 kg (705.5 lbs)
0494,0494,Victory Pokémon,0.4 m (1′04″),4.0 kg (8.8 lbs)
0495,0495,Grass Snake Pokémon,0.6 m (2′00″),8.1 kg (17.9 lbs)
0496,0496,Grass Snake Pokémon,0.8 m (2′07″),16.0 kg (35.3 lbs)
0497,0497,Regal Pokémon,3.3 m (10′10″),63.0 kg (138.9 lbs)
0498,0498,Fire Pig Pokémon,0.5 m (1′08″),9.9 kg (21.8 lbs)
0499,0499,Fire Pig Pokémon,1.0 m (3′03″),55.5 kg (122.4 lbs)
0500,0500,Mega Fire Pig Pokémon,1.6 m (5′03″),150.0 kg (330.7 lbs)
0501,0501,Sea Otter Pokémon,0.5 m (1′08″),5.9 kg (13.0 lbs)
0502,0502,Discipline Pokémon,0.8 m (2′07″),24.5 kg (54.0 lbs)
0503,0503,Formidable Pokémon,1.5 m (4′11″),94.6 kg (208.6 lbs)
0503,0503,Formidable Pokémon,1.5 m (4′11″),94.6 kg (208.6 lbs)
0504,0504,Scout Pokémon,0.5 m (1′08″),11.6 kg (25.6 lbs)
0505,0505,Lookout Pokémon,1.1 m (3′07″),27.0 kg (59.5 lbs)
0506,0506,Puppy Pokémon,0.4 m (1′04″),4.1 kg (9.0 lbs)
0507,0507,Loyal Dog Pokémon,0.9 m (2′11″),14.7 kg (32.4 lbs)
0508,0508,Big-Hearted Pokémon,1.2 m (3′11″),61.0 kg (134.5 lbs)
0509,0509,Devious Pokémon,0.4 m (1′04″),10.1 kg (22.3 lbs)
0510,0510,Cruel Pokémon,1.1 m (3′07″),37.5 kg (82.7 lbs)
0511,0511,Grass Monkey Pokémon,0.6 m (2′00″),10.5 kg (23.1 lbs)
0512,0512,Thorn Monkey Pokémon,1.1 m (3′07″),30.5 kg (67.2 lbs)
0513,0513,High Temp Pokémon,0.6 m (2′00″),11.0 kg (24.3 lbs)
0514,0514,Ember Pokémon,1.0 m (3′03″),28.0 kg (61.7 lbs)
0515,0515,Spray Pokémon,0.6 m (2′00″),13.5 kg (29.8 lbs)
0516,0516,Geyser Pokémon,1.0 m (3′03″),29.0 kg (63.9 lbs)
0517,0517,Dream Eater Pokémon,0.6 m (2′00″),23.3 kg (51.4 lbs)
0518,0518,Drowsing Pokémon,1.1 m (3′07″),60.5 kg (133.4 lbs)
0519,0519,Tiny Pigeon Pokémon,0.3 m (1′00″),2.1 kg (4.6 lbs)
0520,0520,Wild Pigeon Pokémon,0.6 m (2′00″),15.0 kg (33.1 lbs)
0521,0521,Proud Pokémon,1.2 m (3′11″),29.0 kg (63.9 lbs)
0522,0522,Electrified Pokémon,0.8 m (2′07″),29.8 kg (65.7 lbs)
0523,0523,Thunderbolt Pokémon,1.6 m (5′03″),79.5 kg (175.3 lbs)
0524,0524,Mantle Pokémon,0.4 m (1′04″),18.0 kg (39.7 lbs)
0525,0525,Ore Pokémon,0.9 m (2′11″),102.0 kg (224.9 lbs)
0526,0526,Compressed Pokémon,1.7 m (5′07″),260.0 kg (573.2 lbs)
0527,0527,Bat Pokémon,0.4 m (1′04″),2.1 kg (4.6 lbs)
0528,0528,Courting Pokémon,0.9 m (2′11″),10.5 kg (23.1 lbs)
0529,0529,Mole Pokémon,0.3 m (1′00″),8.5 kg (18.7 lbs)
0530,0530,Subterrene Pokémon,0.7 m (2′04″),40.4 kg (89.1 lbs)
0531,0531,Hearing Pokémon,1.1 m (3′07″),31.0 kg (68.3 lbs)
0531,0531,Hearing Pokémon,1.1 m (3′07″),31.0 kg (68.3 lbs)
0532,0532,Muscular Pokémon,0.6 m (2′00″),12.5 kg (27.6 lbs)
0533,0533,Muscular Pokémon,1.2 m (3′11″),40.0 kg (88.2 lbs)
0534,0534,Muscular Pokémon,1.4 m (4′07″),87.0 kg (191.8 lbs)
0535,0535,Tadpole Pokémon,0.5 m (1′08″),4.5 kg (9.9 lbs)
0536,0536,Vibration Pokémon,0.8 m (2′07″),17.0 kg (37.5 lbs)
0537,0537,Vibration Pokémon,1.5 m (4′11″),62.0 kg (136.7 lbs)
0538,0538,Judo Pokémon,1.3 m (4′03″),55.5 kg (122.4 lbs)
0539,0539,Karate Pokémon,1.4 m (4′07″),51.0 kg (112.4 lbs)
0540,0540,Sewing Pokémon,0.3 m (1′00″),2.5 kg (5.5 lbs)
0541,0541,Leaf-Wrapped Pokémon,0.5 m (1′08″),7.3 kg (16.1 lbs)
0542,0542,Nurturing Pokémon,1.2 m (3′11″),20.5 kg (45.2 lbs)
0543,0543,Centipede Pokémon,0.4 m (1′04″),5.3 kg (11.7 lbs)
0544,0544,Curlipede Pokémon,1.2 m (3′11″),58.5 kg (129.0 lbs)
0545,0545,Megapede Pokémon,2.5 m (8′02″),200.5 kg (442.0 lbs)
0546,0546,Cotton Puff Pokémon,0.3 m (1′00″),0.6 kg (1.3 lbs)
0547,0547,Windveiled Pokémon,0.7 m (2′04″),6.6 kg (14.6 lbs)
0548,0548,Bulb Pokémon,0.5 m (1′08″),6.6 kg (14.6 lbs)
0549,0549,Flowering Pokémon,1.1 m (3′07″),16.3 kg (35.9 lbs)
0549,0549,Flowering Pokémon,1.1 m (3′07″),16.3 kg (35.9 lbs)
0550,0550,Hostile Pokémon,1.0 m (3′03″),18.0 kg (39.7 lbs)
0550,0550,Hostile Pokémon,1.0 m (3′03″),18.0 kg (39.7 lbs)
0550,0550,Hostile Pokémon,1.0 m (3′03″),18.0 kg (39.7 lbs)
0551,0551,Desert Croc Pokémon,0.7 m (2′04″),15.2 kg (33.5 lbs)
0552,0552,Desert Croc Pokémon,1.0 m (3′03″),33.4 kg (73.6 lbs)
0553,0553,Intimidation Pokémon,1.5 m (4′11″),96.3 kg (212.3 lbs)
0554,0554,Zen Charm Pokémon,0.6 m (2′00″),37.5 kg (82.7 lbs)
0554,0554,Zen Charm Pokémon,0.6 m (2′00″),37.5 kg (82.7 lbs)
0555,0555,Blazing Pokémon,1.3 m (4′03″),92.9 kg (204.8 lbs)
0555,0555,Blazing Pokémon,1.3 m (4′03″),92.9 kg (204.8 lbs)
0555,0555,Blazing Pokémon,1.3 m (4′03″),92.9 kg (204.8 lbs)
0555,0555,Blazing Pokémon,1.3 m (4′03″),92.9 kg (204.8 lbs)
0556,0556,Cactus Pokémon,1.0 m (3′03″),28.0 kg (61.7 lbs)
0557,0557,Rock Inn Pokémon,0.3 m (1′00″),14.5 kg (32.0 lbs)
0558,0558,Stone Home Pokémon,1.4 m (4′07″),200.0 kg (440.9 lbs)
0559,0559,Shedding Pokémon,0.6 m (2′00″),11.8 kg (26.0 lbs)
0560,0560,Hoodlum Pokémon,1.1 m (3′07″),30.0 kg (66.1 lbs)
0561,0561,Avianoid Pokémon,1.4 m (4′07″),14.0 kg (30.9 lbs)
0562,0562,Spirit Pokémon,0.5 m (1′08″),1.5 kg (3.3 lbs)
0562,0562,Spirit Pokémon,0.5 m (1′08″),1.5 kg (3.3 lbs)
0563,0563,Coffin Pokémon,1.7 m (5′07″),76.5 kg (168.7 lbs)
0564,0564,Prototurtle Pokémon,0.7 m (2′04″),16.5 kg (36.4 lbs)
0565,0565,Prototurtle Pokémon,1.2 m (3′11″),81.0 kg (178.6 lbs)
0566,0566,First Bird Pokémon,0.5 m (1′08″),9.5 kg (20.9 lbs)
0567,0567,First Bird Pokémon,1.4 m (4′07″),32.0 kg (70.5 lbs)
0568,0568,Trash Bag Pokémon,0.6 m (2′00″),31.0 kg (68.3 lbs)
0569,0569,Trash Heap Pokémon,1.9 m (6′03″),107.3 kg (236.6 lbs)
0570,0570,Tricky Fox Pokémon,0.7 m (2′04″),12.5 kg (27.6 lbs)
0570,0570,Tricky Fox Pokémon,0.7 m (2′04″),12.5 kg (27.6 lbs)
0571,0571,Illusion Fox Pokémon,1.6 m (5′03″),81.1 kg (178.8 lbs)
0571,0571,Illusion Fox Pokémon,1.6 m (5′03″),81.1 kg (178.8 lbs)
0572,0572,Chinchilla Pokémon,0.4 m (1′04″),5.8 kg (12.8 lbs)
0573,0573,Scarf Pokémon,0.5 m (1′08″),7.5 kg (16.5 lbs)
0574,0574,Fixation Pokémon,0.4 m (1′04″),5.8 kg (12.8 lbs)
0575,0575,Manipulate Pokémon,0.7 m (2′04″),18.0 kg (39.7 lbs)
0576,0576,Astral Body Pokémon,1.5 m (4′11″),44.0 kg (97.0 lbs)
0577,0577,Cell Pokémon,0.3 m (1′00″),1.0 kg (2.2 lbs)
0578,0578,Mitosis Pokémon,0.6 m (2′00″),8.0 kg (17.6 lbs)
0579,0579,Multiplying Pokémon,1.0 m (3′03″),20.1 kg (44.3 lbs)
0580,0580,Water Bird Pokémon,0.5 m (1′08″),5.5 kg (12.1 lbs)
0581,0581,White Bird Pokémon,1.3 m (4′03″),24.2 kg (53.4 lbs)
0582,0582,Fresh Snow Pokémon,0.4 m (1′04″),5.7 kg (12.6 lbs)
0583,0583,Icy Snow Pokémon,1.1 m (3′07″),41.0 kg (90.4 lbs)
0584,0584,Snowstorm Pokémon,1.3 m (4′03″),57.5 kg (126.8 lbs)
0585,0585,Season Pokémon,0.6 m (2′00″),19.5 kg (43.0 lbs)
0586,0586,Season Pokémon,1.9 m (6′03″),92.5 kg (203.9 lbs)
0587,0587,Sky Squirrel Pokémon,0.4 m (1′04″),5.0 kg (11.0 lbs)
0588,0588,Clamping Pokémon,0.5 m (1′08″),5.9 kg (13.0 lbs)
0589,0589,Cavalry Pokémon,1.0 m (3′03″),33.0 kg (72.8 lbs)
0590,0590,Mushroom Pokémon,0.2 m (0′08″),1.0 kg (2.2 lbs)
0591,0591,Mushroom Pokémon,0.6 m (2′00″),10.5 kg (23.1 lbs)
0592,0592,Floating Pokémon,1.2 m (3′11″),33.0 kg (72.8 lbs)
0593,0593,Floating Pokémon,2.2 m (7′03″),135.0 kg (297.6 lbs)
0594,0594,Caring Pokémon,1.2 m (3′11″),31.6 kg (69.7 lbs)
0595,0595,Attaching Pokémon,0.1 m (0′04″),0.6 kg (1.3 lbs)
0596,0596,EleSpider Pokémon,0.8 m (2′07″),14.3 kg (31.5 lbs)
0597,0597,Thorn Seed Pokémon,0.6 m (2′00″),18.8 kg (41.4 lbs)
0598,0598,Thorn Pod Pokémon,1.0 m (3′03″),110.0 kg (242.5 lbs)
0599,0599,Gear Pokémon,0.3 m (1′00″),21.0 kg (46.3 lbs)
0600,0600,Gear Pokémon,0.6 m (2′00″),51.0 kg (112.4 lbs)
0601,0601,Gear Pokémon,0.6 m (2′00″),81.0 kg (178.6 lbs)
0602,0602,EleFish Pokémon,0.2 m (0′08″),0.3 kg (0.7 lbs)
0603,0603,EleFish Pokémon,1.2 m (3′11″),22.0 kg (48.5 lbs)
0604,0604,EleFish Pokémon,2.1 m (6′11″),80.5 kg (177.5 lbs)
0605,0605,Cerebral Pokémon,0.5 m (1′08″),9.0 kg (19.8 lbs)
0606,0606,Cerebral Pokémon,1.0 m (3′03″),34.5 kg (76.1 lbs)
0607,0607,Candle Pokémon,0.3 m (1′00″),3.1 kg (6.8 lbs)
0608,0608,Lamp Pokémon,0.6 m (2′00″),13.0 kg (28.7 lbs)
0609,0609,Luring Pokémon,1.0 m (3′03″),34.3 kg (75.6 lbs)
0610,0610,Tusk Pokémon,0.6 m (2′00″),18.0 kg (39.7 lbs)
0611,0611,Axe Jaw Pokémon,1.0 m (3′03″),36.0 kg (79.4 lbs)
0612,0612,Axe Jaw Pokémon,1.8 m (5′11″),105.5 kg (232.6 lbs)
0613,0613,Chill Pokémon,0.5 m (1′08″),8.5 kg (18.7 lbs)
0614,0614,Freezing Pokémon,2.6 m (8′06″),260.0 kg (573.2 lbs)
0615,0615,Crystallizing Pokémon,1.1 m (3′07″),148.0 kg (326.3 lbs)
0616,0616,Snail Pokémon,0.4 m (1′04″),7.7 kg (17.0 lbs)
0617,0617,Shell Out Pokémon,0.8 m (2′07″),25.3 kg (55.8 lbs)
0618,0618,Trap Pokémon,0.7 m (2′04″),11.0 kg (24.3 lbs)
0618,0618,Trap Pokémon,0.7 m (2′04″),11.0 kg (24.3 lbs)
0619,0619,Martial Arts Pokémon,0.9 m (2′11″),20.0 kg (44.1 lbs)
0620,0620,Martial Arts Pokémon,1.4 m (4′07″),35.5 kg (78.3 lbs)
0621,0621,Cave Pokémon,1.6 m (5′03″),139.0 kg (306.4 lbs)
0622,0622,Automaton Pokémon,1.0 m (3′03″),92.0 kg (202.8 lbs)
0623,0623,Automaton Pokémon,2.8 m (9′02″),330.0 kg (727.5 lbs)
0624,0624,Sharp Blade Pokémon,0.5 m (1′08″),10.2 kg (22.5 lbs)
0625,0625,Sword Blade Pokémon,1.6 m (5′03″),70.0 kg (154.3 lbs)
0626,0626,Bash Buffalo Pokémon,1.6 m (5′03″),94.6 kg (208.6 lbs)
0627,0627,Eaglet Pokémon,0.5 m (1′08″),10.5 kg (23.1 lbs)
0628,0628,Valiant Pokémon,1.5 m (4′11″),41.0 kg (90.4 lbs)
0628,0628,Valiant Pokémon,1.5 m (4′11″),41.0 kg (90.4 lbs)
0629,0629,Diapered Pokémon,0.5 m (1′08″),9.0 kg (19.8 lbs)
0630,0630,Bone Vulture Pokémon,1.2 m (3′11″),39.5 kg (87.1 lbs)
0631,0631,Anteater Pokémon,1.4 m (4′07″),58.0 kg (127.9 lbs)
0632,0632,Iron Ant Pokémon,0.3 m (1′00″),33.0 kg (72.8 lbs)
0633,0633,Irate Pokémon,0.8 m (2′07″),17.3 kg (38.1 lbs)
0634,0634,Hostile Pokémon,1.4 m (4′07″),50.0 kg (110.2 lbs)
0635,0635,Brutal Pokémon,1.8 m (5′11″),160.0 kg (352.7 lbs)
0636,0636,Torch Pokémon,1.1 m (3′07″),28.8 kg (63.5 lbs)
0637,0637,Sun Pokémon,1.6 m (5′03″),46.0 kg (101.4 lbs)
0638,0638,Iron Will Pokémon,2.1 m (6′11″),250.0 kg (551.2 lbs)
0639,0639,Cavern Pokémon,1.9 m (6′03″),260.0 kg (573.2 lbs)
0640,0640,Grassland Pokémon,2.0 m (6′07″),200.0 kg (440.9 lbs)
0641,0641,Cyclone Pokémon,1.5 m (4′11″),63.0 kg (138.9 lbs)
0641,0641,Cyclone Pokémon,1.5 m (4′11″),63.0 kg (138.9 lbs)
0642,0642,Bolt Strike Pokémon,1.5 m (4′11″),61.0 kg (134.5 lbs)
0642,0642,Bolt Strike Pokémon,1.5 m (4′11″),61.0 kg (134.5 lbs)
0643,0643,Vast White Pokémon,3.2 m (10′06″),330.0 kg (727.5 lbs)
0644,0644,Deep Black Pokémon,2.9 m (9′06″),345.0 kg (760.6 lbs)
0645,0645,Abundance Pokémon,1.5 m (4′11″),68.0 kg (149.9 lbs)
0645,0645,Abundance Pokémon,1.5 m (4′11″),68.0 kg (149.9 lbs)
0646,0646,Boundary Pokémon,3.0 m (9′10″),325.0 kg (716.5 lbs)
0646,0646,Boundary Pokémon,3.0 m (9′10″),325.0 kg (716.5 lbs)
0646,0646,Boundary Pokémon,3.0 m (9′10″),325.0 kg (716.5 lbs)
0647,0647,Colt Pokémon,1.4 m (4′07″),48.5 kg (106.9 lbs)
0647,0647,Colt Pokémon,1.4 m (4′07″),48.5 kg (106.9 lbs)
0648,0648,Melody Pokémon,0.6 m (2′00″),6.5 kg (14.3 lbs)
0648,0648,Melody Pokémon,0.6 m (2′00″),6.5 kg (14.3 lbs)
0649,0649,Paleozoic Pokémon,1.5 m (4′11″),82.5 kg (181.9 lbs)
0650,0650,Spiny Nut Pokémon,0.4 m (1′04″),9.0 kg (19.8 lbs)
0651,0651,Spiny Armor Pokémon,0.7 m (2′04″),29.0 kg (63.9 lbs)
0652,0652,Spiny Armor Pokémon,1.6 m (5′03″),90.0 kg (198.4 lbs)
0653,0653,Fox Pokémon,0.4 m (1′04″),9.4 kg (20.7 lbs)
0654,0654,Fox Pokémon,1.0 m (3′03″),14.5 kg (32.0 lbs)
0655,0655,Fox Pokémon,1.5 m (4′11″),39.0 kg (86.0 lbs)
0656,0656,Bubble Frog Pokémon,0.3 m (1′00″),7.0 kg (15.4 lbs)
0657,0657,Bubble Frog Pokémon,0.6 m (2′00″),10.9 kg (24.0 lbs)
0658,0658,Ninja Pokémon,1.5 m (4′11″),40.0 kg (88.2 lbs)
0658,0658,Ninja Pokémon,1.5 m (4′11″),40.0 kg (88.2 lbs)
0659,0659,Digging Pokémon,0.4 m (1′04″),5.0 kg (11.0 lbs)
0660,0660,Digging Pokémon,1.0 m (3′03″),42.4 kg (93.5 lbs)
0661,0661,Tiny Robin Pokémon,0.3 m (1′00″),1.7 kg (3.7 lbs)
0662,0662,Ember Pokémon,0.7 m (2′04″),16.0 kg (35.3 lbs)
0663,0663,Scorching Pokémon,1.2 m (3′11″),24.5 kg (54.0 lbs)
0664,0664,Scatterdust Pokémon,0.3 m (1′00″),2.5 kg (5.5 lbs)
0665,0665,Scatterdust Pokémon,0.3 m (1′00″),8.4 kg (18.5 lbs)
0666,0666,Scale Pokémon,1.2 m (3′11″),17.0 kg (37.5 lbs)
0667,0667,Lion Cub Pokémon,0.6 m (2′00″),13.5 kg (29.8 lbs)
0668,0668,Royal Pokémon,1.5 m (4′11″),81.5 kg (179.7 lbs)
0669,0669,Single Bloom Pokémon,0.1 m (0′04″),0.1 kg (0.2 lbs)
0670,0670,Single Bloom Pokémon,0.2 m (0′08″),0.9 kg (2.0 lbs)
0671,0671,Garden Pokémon,1.1 m (3′07″),10.0 kg (22.0 lbs)
0672,0672,Mount Pokémon,0.9 m (2′11″),31.0 kg (68.3 lbs)
0673,0673,Mount Pokémon,1.7 m (5′07″),91.0 kg (200.6 lbs)
0674,0674,Playful Pokémon,0.6 m (2′00″),8.0 kg (17.6 lbs)
0675,0675,Daunting Pokémon,2.1 m (6′11″),136.0 kg (299.8 lbs)
0676,0676,Poodle Pokémon,1.2 m (3′11″),28.0 kg (61.7 lbs)
0677,0677,Restraint Pokémon,0.3 m (1′00″),3.5 kg (7.7 lbs)
0678,0678,Constraint Pokémon,0.6 m (2′00″),8.5 kg (18.7 lbs)
0678,0678,Constraint Pokémon,0.6 m (2′00″),8.5 kg (18.7 lbs)
0679,0679,Sword Pokémon,0.8 m (2′07″),2.0 kg (4.4 lbs)
0680,0680,Sword Pokémon,0.8 m (2′07″),4.5 kg (9.9 lbs)
0681,0681,Royal Sword Pokémon,1.7 m (5′07″),53.0 kg (116.8 lbs)
0681,0681,Royal Sword Pokémon,1.7 m (5′07″),53.0 kg (116.8 lbs)
0682,0682,Perfume Pokémon,0.2 m (0′08″),0.5 kg (1.1 lbs)
0683,0683,Fragrance Pokémon,0.8 m (2′07″),15.5 kg (34.2 lbs)
0684,0684,Cotton Candy Pokémon,0.4 m (1′04″),3.5 kg (7.7 lbs)
0685,0685,Meringue Pokémon,0.8 m (2′07″),5.0 kg (11.0 lbs)
0686,0686,Revolving Pokémon,0.4 m (1′04″),3.5 kg (7.7 lbs)
0687,0687,Overturning Pokémon,1.5 m (4′11″),47.0 kg (103.6 lbs)
0688,0688,Two-Handed Pokémon,0.5 m (1′08″),31.0 kg (68.3 lbs)
0689,0689,Collective Pokémon,1.3 m (4′03″),96.0 kg (211.6 lbs)
0690,0690,Mock Kelp Pokémon,0.5 m (1′08″),7.3 kg (16.1 lbs)
0691,0691,Mock Kelp Pokémon,1.8 m (5′11″),81.5 kg (179.7 lbs)
0692,0692,Water Gun Pokémon,0.5 m (1′08″),8.3 kg (18.3 lbs)
0693,0693,Howitzer Pokémon,1.3 m (4′03″),35.3 kg (77.8 lbs)
0694,0694,Generator Pokémon,0.5 m (1′08″),6.0 kg (13.2 lbs)
0695,0695,Generator Pokémon,1.0 m (3′03″),21.0 kg (46.3 lbs)
0696,0696,Royal Heir Pokémon,0.8 m (2′07″),26.0 kg (57.3 lbs)
0697,0697,Despot Pokémon,2.5 m (8′02″),270.0 kg (595.2 lbs)
0698,0698,Tundra Pokémon,1.3 m (4′03″),25.2 kg (55.6 lbs)
0699,0699,Tundra Pokémon,2.7 m (8′10″),225.0 kg (496.0 lbs)
0700,0700,Intertwining Pokémon,1.0 m (3′03″),23.5 kg (51.8 lbs)
0701,0701,Wrestling Pokémon,0.8 m (2′07″),21.5 kg (47.4 lbs)
0702,0702,Antenna Pokémon,0.2 m (0′08″),2.2 kg (4.9 lbs)
0703,0703,Jewel Pokémon,0.3 m (1′00″),5.7 kg (12.6 lbs)
0704,0704,Soft Tissue Pokémon,0.3 m (1′00″),2.8 kg (6.2 lbs)
0705,0705,Soft Tissue Pokémon,0.8 m (2′07″),17.5 kg (38.6 lbs)
0705,0705,Soft Tissue Pokémon,0.8 m (2′07″),17.5 kg (38.6 lbs)
0706,0706,Dragon Pokémon,2.0 m (6′07″),150.5 kg (331.8 lbs)
0706,0706,Dragon Pokémon,2.0 m (6′07″),150.5 kg (331.8 lbs)
0707,0707,Key Ring Pokémon,0.2 m (0′08″),3.0 kg (6.6 lbs)
0708,0708,Stump Pokémon,0.4 m (1′04″),7.0 kg (15.4 lbs)
0709,0709,Elder Tree Pokémon,1.5 m (4′11″),71.0 kg (156.5 lbs)
0710,0710,Pumpkin Pokémon,0.4 m (1′04″),5.0 kg (11.0 lbs)
0710,0710,Pumpkin Pokémon,0.4 m (1′04″),5.0 kg (11.0 lbs)
0710,0710,Pumpkin Pokémon,0.4 m (1′04″),5.0 kg (11.0 lbs)
0710,0710,Pumpkin Pokémon,0.4 m (1′04″),5.0 kg (11.0 lbs)
0711,0711,Pumpkin Pokémon,0.9 m (2′11″),12.5 kg (27.6 lbs)
0711,0711,Pumpkin Pokémon,0.9 m (2′11″),12.5 kg (27.6 lbs)
0711,0711,Pumpkin Pokémon,0.9 m (2′11″),12.5 kg (27.6 lbs)
0711,0711,Pumpkin Pokémon,0.9 m (2′11″),12.5 kg (27.6 lbs)
0712,0712,Ice Chunk Pokémon,1.0 m (3′03″),99.5 kg (219.4 lbs)
0713,0713,Iceberg Pokémon,2.0 m (6′07″),505.0 kg (1113.3 lbs)
0713,0713,Iceberg Pokémon,2.0 m (6′07″),505.0 kg (1113.3 lbs)
0714,0714,Sound Wave Pokémon,0.5 m (1′08″),8.0 kg (17.6 lbs)
0715,0715,Sound Wave Pokémon,1.5 m (4′11″),85.0 kg (187.4 lbs)
0716,0716,Life Pokémon,3.0 m (9′10″),215.0 kg (474.0 lbs)
0717,0717,Destruction Pokémon,5.8 m (19′00″),203.0 kg (447.5 lbs)
0718,0718,Order Pokémon,5.0 m (16′05″),305.0 kg (672.4 lbs)
0718,0718,Order Pokémon,5.0 m (16′05″),305.0 kg (672.4 lbs)
0718,0718,Order Pokémon,5.0 m (16′05″),305.0 kg (672.4 lbs)
0719,0719,Jewel Pokémon,0.7 m (2′04″),8.8 kg (19.4 lbs)
0719,0719,Jewel Pokémon,0.7 m (2′04″),8.8 kg (19.4 lbs)
0720,0720,Mischief Pokémon,0.5 m (1′08″),9.0 kg (19.8 lbs)
0720,0720,Mischief Pokémon,0.5 m (1′08″),9.0 kg (19.8 lbs)
0721,0721,Steam Pokémon,1.7 m (5′07″),195.0 kg (429.9 lbs)
0722,0722,Grass Quill Pokémon,0.3 m (1′00″),1.5 kg (3.3 lbs)
0723,0723,Blade Quill Pokémon,0.7 m (2′04″),16.0 kg (35.3 lbs)
0724,0724,Arrow Quill Pokémon,1.6 m (5′03″),36.6 kg (80.7 lbs)
0724,0724,Arrow Quill Pokémon,1.6 m (5′03″),36.6 kg (80.7 lbs)
0725,0725,Fire Cat Pokémon,0.4 m (1′04″),4.3 kg (9.5 lbs)
0726,0726,Fire Cat Pokémon,0.7 m (2′04″),25.0 kg (55.1 lbs)
0727,0727,Heel Pokémon,1.8 m (5′11″),83.0 kg (183.0 lbs)
0728,0728,Sea Lion Pokémon,0.4 m (1′04″),7.5 kg (16.5 lbs)
0729,0729,Pop Star Pokémon,0.6 m (2′00″),17.5 kg (38.6 lbs)
0730,0730,Soloist Pokémon,1.8 m (5′11″),44.0 kg (97.0 lbs)
0731,0731,Woodpecker Pokémon,0.3 m (1′00″),1.2 kg (2.6 lbs)
0732,0732,Bugle Beak Pokémon,0.6 m (2′00″),14.8 kg (32.6 lbs)
0733,0733,Cannon Pokémon,1.1 m (3′07″),26.0 kg (57.3 lbs)
0734,0734,Loitering Pokémon,0.4 m (1′04″),6.0 kg (13.2 lbs)
0735,0735,Stakeout Pokémon,0.7 m (2′04″),14.2 kg (31.3 lbs)
0736,0736,Larva Pokémon,0.4 m (1′04″),4.4 kg (9.7 lbs)
0737,0737,Battery Pokémon,0.5 m (1′08″),10.5 kg (23.1 lbs)
0738,0738,Stag Beetle Pokémon,1.5 m (4′11″),45.0 kg (99.2 lbs)
0739,0739,Boxing Pokémon,0.6 m (2′00″),7.0 kg (15.4 lbs)
0740,0740,Woolly Crab Pokémon,1.7 m (5′07″),180.0 kg (396.8 lbs)
0741,0741,Dancing Pokémon,0.6 m (2′00″),3.4 kg (7.5 lbs)
0741,0741,Dancing Pokémon,0.6 m (2′00″),3.4 kg (7.5 lbs)
0741,0741,Dancing Pokémon,0.6 m (2′00″),3.4 kg (7.5 lbs)
0741,0741,Dancing Pokémon,0.6 m (2′00″),3.4 kg (7.5 lbs)
0742,0742,Bee Fly Pokémon,0.1 m (0′04″),0.2 kg (0.4 lbs)
0743,0743,Bee Fly Pokémon,0.2 m (0′08″),0.5 kg (1.1 lbs)
0744,0744,Puppy Pokémon,0.5 m (1′08″),9.2 kg (20.3 lbs)
0744,0744,Puppy Pokémon,0.5 m (1′08″),9.2 kg (20.3 lbs)
0745,0745,Wolf Pokémon,0.8 m (2′07″),25.0 kg (55.1 lbs)
0745,0745,Wolf Pokémon,0.8 m (2′07″),25.0 kg (55.1 lbs)
0745,0745,Wolf Pokémon,0.8 m (2′07″),25.0 kg (55.1 lbs)
0746,0746,Small Fry Pokémon,0.2 m (0′08″),0.3 kg (0.7 lbs)
0746,0746,Small Fry Pokémon,0.2 m (0′08″),0.3 kg (0.7 lbs)
0747,0747,Brutal Star Pokémon,0.4 m (1′04″),8.0 kg (17.6 lbs)
0748,0748,Brutal Star Pokémon,0.7 m (2′04″),14.5 kg (32.0 lbs)
0749,0749,Donkey Pokémon,1.0 m (3′03″),110.0 kg (242.5 lbs)
0750,0750,Draft Horse Pokémon,2.5 m (8′02″),920.0 kg (2028.3 lbs)
0751,0751,Water Bubble Pokémon,0.3 m (1′00″),4.0 kg (8.8 lbs)
0752,0752,Water Bubble Pokémon,1.8 m (5′11″),82.0 kg (180.8 lbs)
0753,0753,Sickle Grass Pokémon,0.3 m (1′00″),1.5 kg (3.3 lbs)
0754,0754,Bloom Sickle Pokémon,0.9 m (2′11″),18.5 kg (40.8 lbs)
0755,0755,Illuminating Pokémon,0.2 m (0′08″),1.5 kg (3.3 lbs)
0756,0756,Illuminating Pokémon,1.0 m (3′03″),11.5 kg (25.4 lbs)
0757,0757,Toxic Lizard Pokémon,0.6 m (2′00″),4.8 kg (10.6 lbs)
0758,0758,Toxic Lizard Pokémon,1.2 m (3′11″),22.2 kg (48.9 lbs)
0759,0759,Flailing Pokémon,0.5 m (1′08″),6.8 kg (15.0 lbs)
0760,0760,Strong Arm Pokémon,2.1 m (6′11″),135.0 kg (297.6 lbs)
0761,0761,Fruit Pokémon,0.3 m (1′00″),3.2 kg (7.1 lbs)
0762,0762,Fruit Pokémon,0.7 m (2′04″),8.2 kg (18.1 lbs)
0763,0763,Fruit Pokémon,1.2 m (3′11″),21.4 kg (47.2 lbs)
0764,0764,Posy Picker Pokémon,0.1 m (0′04″),0.3 kg (0.7 lbs)
0765,0765,Sage Pokémon,1.5 m (4′11″),76.0 kg (167.6 lbs)
0766,0766,Teamwork Pokémon,2.0 m (6′07″),82.8 kg (182.5 lbs)
0767,0767,Turn Tail Pokémon,0.5 m (1′08″),12.0 kg (26.5 lbs)
0768,0768,Hard Scale Pokémon,2.0 m (6′07″),108.0 kg (238.1 lbs)
0769,0769,Sand Heap Pokémon,0.5 m (1′08″),70.0 kg (154.3 lbs)
0770,0770,Sand Castle Pokémon,1.3 m (4′03″),250.0 kg (551.2 lbs)
0771,0771,Sea Cucumber Pokémon,0.3 m (1′00″),1.2 kg (2.6 lbs)
0772,0772,Synthetic Pokémon,1.9 m (6′03″),120.5 kg (265.7 lbs)
0773,0773,Synthetic Pokémon,2.3 m (7′07″),100.5 kg (221.6 lbs)
0774,0774,Meteor Pokémon,0.3 m (1′00″),40.0 kg (88.2 lbs)
0774,0774,Meteor Pokémon,0.3 m (1′00″),40.0 kg (88.2 lbs)
0775,0775,Drowsing Pokémon,0.4 m (1′04″),19.9 kg (43.9 lbs)
0776,0776,Blast Turtle Pokémon,2.0 m (6′07″),212.0 kg (467.4 lbs)
0777,0777,Roly-Poly Pokémon,0.3 m (1′00″),3.3 kg (7.3 lbs)
0778,0778,Disguise Pokémon,0.2 m (0′08″),0.7 kg (1.5 lbs)
0779,0779,Gnash Teeth Pokémon,0.9 m (2′11″),19.0 kg (41.9 lbs)
0780,0780,Placid Pokémon,3.0 m (9′10″),185.0 kg (407.9 lbs)
0781,0781,Sea Creeper Pokémon,3.9 m (12′10″),210.0 kg (463.0 lbs)
0782,0782,Scaly Pokémon,0.6 m (2′00″),29.7 kg (65.5 lbs)
0783,0783,Scaly Pokémon,1.2 m (3′11″),47.0 kg (103.6 lbs)
0784,0784,Scaly Pokémon,1.6 m (5′03″),78.2 kg (172.4 lbs)
0785,0785,Land Spirit Pokémon,1.8 m (5′11″),20.5 kg (45.2 lbs)
0786,0786,Land Spirit Pokémon,1.2 m (3′11″),18.6 kg (41.0 lbs)
0787,0787,Land Spirit Pokémon,1.9 m (6′03″),45.5 kg (100.3 lbs)
0788,0788,Land Spirit Pokémon,1.3 m (4′03″),21.2 kg (46.7 lbs)
0789,0789,Nebula Pokémon,0.2 m (0′08″),0.1 kg (0.2 lbs)
0790,0790,Protostar Pokémon,0.1 m (0′04″),999.9 kg (2204.4 lbs)
0791,0791,Sunne Pokémon,3.4 m (11′02″),230.0 kg (507.1 lbs)
0792,0792,Moone Pokémon,4.0 m (13′01″),120.0 kg (264.6 lbs)
0793,0793,Parasite Pokémon,1.2 m (3′11″),55.5 kg (122.4 lbs)
0794,0794,Swollen Pokémon,2.4 m (7′10″),333.6 kg (735.5 lbs)
0795,0795,Lissome Pokémon,1.8 m (5′11″),25.0 kg (55.1 lbs)
0796,0796,Glowing Pokémon,3.8 m (12′06″),100.0 kg (220.5 lbs)
0797,0797,Launch Pokémon,9.2 m (30′02″),999.9 kg (2204.4 lbs)
0798,0798,Drawn Sword Pokémon,0.3 m (1′00″),0.1 kg (0.2 lbs)
0799,0799,Junkivore Pokémon,5.5 m (18′01″),888.0 kg (1957.7 lbs)
0800,0800,Prism Pokémon,2.4 m (7′10″),230.0 kg (507.1 lbs)
0800,0800,Prism Pokémon,2.4 m (7′10″),230.0 kg (507.1 lbs)
0800,0800,Prism Pokémon,2.4 m (7′10″),230.0 kg (507.1 lbs)
0800,0800,Prism Pokémon,2.4 m (7′10″),230.0 kg (507.1 lbs)
0801,0801,Artificial Pokémon,1.0 m (3′03″),80.5 kg (177.5 lbs)
0802,0802,Gloomdweller Pokémon,0.7 m (2′04″),22.2 kg (48.9 lbs)
0803,0803,Poison Pin Pokémon,0.6 m (2′00″),1.8 kg (4.0 lbs)
0804,0804,Poison Pin Pokémon,3.6 m (11′10″),150.0 kg (330.7 lbs)
0805,0805,Rampart Pokémon,5.5 m (18′01″),820.0 kg (1807.8 lbs)
0806,0806,Fireworks Pokémon,1.8 m (5′11″),13.0 kg (28.7 lbs)
0807,0807,Thunderclap Pokémon,1.5 m (4′11″),44.5 kg (98.1 lbs)
0808,0808,Hex Nut Pokémon,0.2 m (0′08″),8.0 kg (17.6 lbs)
0809,0809,Hex Nut Pokémon,2.5 m (8′02″),800.0 kg (1763.7 lbs)
0810,0810,Chimp Pokémon,0.3 m (1′00″),5.0 kg (11.0 lbs)
0811,0811,Beat Pokémon,0.7 m (2′04″),14.0 kg (30.9 lbs)
0812,0812,Drummer Pokémon,2.1 m (6′11″),90.0 kg (198.4 lbs)
0813,0813,Rabbit Pokémon,0.3 m (1′00″),4.5 kg (9.9 lbs)
0814,0814,Rabbit Pokémon,0.6 m (2′00″),9.0 kg (19.8 lbs)
0815,0815,Striker Pokémon,1.4 m (4′07″),33.0 kg (72.8 lbs)
0816,0816,Water Lizard Pokémon,0.3 m (1′00″),4.0 kg (8.8 lbs)
0817,0817,Water lizard Pokémon,0.7 m (2′04″),11.5 kg (25.4 lbs)
0818,0818,Secret Agent Pokémon,1.9 m (6′03″),45.2 kg (99.6 lbs)
0819,0819,Cheeky Pokémon,0.3 m (1′00″),2.5 kg (5.5 lbs)
0820,0820,Greedy Pokémon,0.6 m (2′00″),6.0 kg (13.2 lbs)
0821,0821,Tiny Bird Pokémon,0.2 m (0′08″),1.8 kg (4.0 lbs)
0822,0822,Raven Pokémon,0.8 m (2′07″),16.0 kg (35.3 lbs)
0823,0823,Raven Pokémon,2.2 m (7′03″),75.0 kg (165.3 lbs)
0824,0824,Larva Pokémon,0.4 m (1′04″),8.0 kg (17.6 lbs)
0825,0825,Radome Pokémon,0.4 m (1′04″),19.5 kg (43.0 lbs)
0826,0826,Seven Spot Pokémon,0.4 m (1′04″),40.8 kg (89.9 lbs)
0827,0827,Fox Pokémon,0.6 m (2′00″),8.9 kg (19.6 lbs)
0828,0828,Fox Pokémon,1.2 m (3′11″),19.9 kg (43.9 lbs)
0829,0829,Flowering Pokémon,0.4 m (1′04″),2.2 kg (4.9 lbs)
0830,0830,Cotton Bloom Pokémon,0.5 m (1′08″),2.5 kg (5.5 lbs)
0831,0831,Sheep Pokémon,0.6 m (2′00″),6.0 kg (13.2 lbs)
0832,0832,Sheep Pokémon,1.3 m (4′03″),43.0 kg (94.8 lbs)
0833,0833,Snapping Pokémon,0.3 m (1′00″),8.5 kg (18.7 lbs)
0834,0834,Bite Pokémon,1.0 m (3′03″),115.5 kg (254.6 lbs)
0835,0835,Puppy Pokémon,0.3 m (1′00″),13.5 kg (29.8 lbs)
0836,0836,Dog Pokémon,1.0 m (3′03″),34.0 kg (75.0 lbs)
0837,0837,Coal Pokémon,0.3 m (1′00″),12.0 kg (26.5 lbs)
0838,0838,Coal Pokémon,1.1 m (3′07″),78.0 kg (172.0 lbs)
0839,0839,Coal Pokémon,2.8 m (9′02″),310.5 kg (684.5 lbs)
0840,0840,Apple Core Pokémon,0.2 m (0′08″),0.5 kg (1.1 lbs)
0841,0841,Apple Wing Pokémon,0.3 m (1′00″),1.0 kg (2.2 lbs)
0842,0842,Apple Nectar Pokémon,0.4 m (1′04″),13.0 kg (28.7 lbs)
0843,0843,Sand Snake Pokémon,2.2 m (7′03″),7.6 kg (16.8 lbs)
0844,0844,Sand Snake Pokémon,3.8 m (12′06″),65.5 kg (144.4 lbs)
0845,0845,Gulp Pokémon,0.8 m (2′07″),18.0 kg (39.7 lbs)
0846,0846,Rush Pokémon,0.5 m (1′08″),1.0 kg (2.2 lbs)
0847,0847,Skewer Pokémon,1.3 m (4′03″),30.0 kg (66.1 lbs)
0848,0848,Baby Pokémon,0.4 m (1′04″),11.0 kg (24.3 lbs)
0849,0849,Punk Pokémon,1.6 m (5′03″),40.0 kg (88.2 lbs)
0849,0849,Punk Pokémon,1.6 m (5′03″),40.0 kg (88.2 lbs)
0850,0850,Radiator Pokémon,0.7 m (2′04″),1.0 kg (2.2 lbs)
0851,0851,Radiator Pokémon,3.0 m (9′10″),120.0 kg (264.6 lbs)
0852,0852,Tantrum Pokémon,0.6 m (2′00″),4.0 kg (8.8 lbs)
0853,0853,Tantrum Pokémon,1.6 m (5′03″),39.0 kg (86.0 lbs)
0854,0854,Black Tea Pokémon,0.1 m (0′04″),0.2 kg (0.4 lbs)
0855,0855,Black Tea Pokémon,0.2 m (0′08″),0.4 kg (0.9 lbs)
0856,0856,Calm Pokémon,0.4 m (1′04″),3.4 kg (7.5 lbs)
0857,0857,Serene Pokémon,0.6 m (2′00″),4.8 kg (10.6 lbs)
0858,0858,Silent Pokémon,2.1 m (6′11″),5.1 kg (11.2 lbs)
0859,0859,Wily Pokémon,0.4 m (1′04″),5.5 kg (12.1 lbs)
0860,0860,Devious Pokémon,0.8 m (2′07″),12.5 kg (27.6 lbs)
0861,0861,Bulk Up Pokémon,1.5 m (4′11″),61.0 kg (134.5 lbs)
0862,0862,Blocking Pokémon,1.6 m (5′03″),46.0 kg (101.4 lbs)
0863,0863,Viking Pokémon,0.8 m (2′07″),28.0 kg (61.7 lbs)
0864,0864,Coral Pokémon,1.0 m (3′03″),0.4 kg (0.9 lbs)
0865,0865,Wild Duck Pokémon,0.8 m (2′07″),117.0 kg (257.9 lbs)
0866,0866,Comedian Pokémon,1.5 m (4′11″),58.2 kg (128.3 lbs)
0867,0867,Grudge Pokémon,1.6 m (5′03″),66.6 kg (146.8 lbs)
0868,0868,Cream Pokémon,0.2 m (0′08″),0.3 kg (0.7 lbs)
0869,0869,Cream Pokémon,0.3 m (1′00″),0.5 kg (1.1 lbs)
0870,0870,Formation Pokémon,3.0 m (9′10″),62.0 kg (136.7 lbs)
0871,0871,Sea Urchin Pokémon,0.3 m (1′00″),1.0 kg (2.2 lbs)
0872,0872,Worm Pokémon,0.3 m (1′00″),3.8 kg (8.4 lbs)
0873,0873,Frost Moth Pokémon,1.3 m (4′03″),42.0 kg (92.6 lbs)
0874,0874,Big Rock Pokémon,2.5 m (8′02″),520.0 kg (1146.4 lbs)
0875,0875,Penguin Pokémon,1.4 m (4′07″),89.0 kg (196.2 lbs)
0875,0875,Penguin Pokémon,1.4 m (4′07″),89.0 kg (196.2 lbs)
0876,0876,Emotion Pokémon,0.9 m (2′11″),28.0 kg (61.7 lbs)
0876,0876,Emotion Pokémon,0.9 m (2′11″),28.0 kg (61.7 lbs)
0877,0877,Two-Sided Pokémon,0.3 m (1′00″),3.0 kg (6.6 lbs)
0877,0877,Two-Sided Pokémon,0.3 m (1′00″),3.0 kg (6.6 lbs)
0878,0878,Copperderm Pokémon,1.2 m (3′11″),100.0 kg (220.5 lbs)
0879,0879,Copperderm Pokémon,3.0 m (9′10″),650.0 kg (1433.0 lbs)
0880,0880,Fossil Pokémon,1.8 m (5′11″),190.0 kg (418.9 lbs)
0881,0881,Fossil Pokémon,2.3 m (7′07″),150.0 kg (330.7 lbs)
0882,0882,Fossil Pokémon,2.3 m (7′07″),215.0 kg (474.0 lbs)
0883,0883,Fossil Pokémon,2.0 m (6′07″),175.0 kg (385.8 lbs)
0884,0884,Alloy Pokémon,1.8 m (5′11″),40.0 kg (88.2 lbs)
0885,0885,Lingering Pokémon,0.5 m (1′08″),2.0 kg (4.4 lbs)
0886,0886,Caretaker Pokémon,1.4 m (4′07″),11.0 kg (24.3 lbs)
0887,0887,Stealth Pokémon,3.0 m (9′10″),50.0 kg (110.2 lbs)
0888,0888,Warrior Pokémon,2.8 m (9′02″),110.0 kg (242.5 lbs)
0888,0888,Warrior Pokémon,2.8 m (9′02″),110.0 kg (242.5 lbs)
0889,0889,Warrior Pokémon,2.9 m (9′06″),210.0 kg (463.0 lbs)
0889,0889,Warrior Pokémon,2.9 m (9′06″),210.0 kg (463.0 lbs)
0890,0890,Gigantic Pokémon,20.0 m (65′07″),950.0 kg (2094.4 lbs)
0890,0890,Gigantic Pokémon,20.0 m (65′07″),950.0 kg (2094.4 lbs)
0891,0891,Wushu Pokémon,0.6 m (2′00″),12.0 kg (26.5 lbs)
0892,0892,Wushu Pokémon,1.9 m (6′03″),105.0 kg (231.5 lbs)
0892,0892,Wushu Pokémon,1.9 m (6′03″),105.0 kg (231.5 lbs)
0893,0893,Rogue Monkey Pokémon,1.8 m (5′11″),70.0 kg (154.3 lbs)
0894,0894,Electron Pokémon,1.2 m (3′11″),145.0 kg (319.7 lbs)
0895,0895,Dragon Orb Pokémon,2.1 m (6′11″),200.0 kg (440.9 lbs)
0896,0896,Wild Horse Pokémon,2.2 m (7′03″),800.0 kg (1763.7 lbs)
0897,0897,Swift Horse Pokémon,2.0 m (6′07″),44.5 kg (98.1 lbs)
0898,0898,King Pokémon,1.1 m (3′07″),7.7 kg (17.0 lbs)
0898,0898,King Pokémon,1.1 m (3′07″),7.7 kg (17.0 lbs)
0898,0898,King Pokémon,1.1 m (3′07″),7.7 kg (17.0 lbs)
0899,0899,Big Horn Pokémon,1.8 m (5′11″),95.1 kg (209.7 lbs)
0900,0900,Axe Pokémon,1.8 m (5′11″),89.0 kg (196.2 lbs)
0901,0901,Peat Pokémon,2.4 m (7′10″),290.0 kg (639.3 lbs)
0901,0901,Peat Pokémon,2.4 m (7′10″),290.0 kg (639.3 lbs)
0902,0902,Big Fish Pokémon,3.0 m (9′10″),110.0 kg (242.5 lbs)
0902,0902,Big Fish Pokémon,3.0 m (9′10″),110.0 kg (242.5 lbs)
0903,0903,Free Climb Pokémon,1.3 m (4′03″),43.0 kg (94.8 lbs)
0904,0904,Pin Cluster Pokémon,2.5 m (8′02″),60.5 kg (133.4 lbs)
0905,0905,Love-Hate Pokémon,1.6 m (5′03″),48.0 kg (105.8 lbs)
0905,0905,Love-Hate Pokémon,1.6 m (5′03″),48.0 kg (105.8 lbs)
0906,0906,Grass Cat Pokémon,0.4 m (1′04″),4.1 kg (9.0 lbs)
0907,0907,Grass Cat Pokémon,0.9 m (2′11″),12.2 kg (26.9 lbs)
0908,0908,Magician Pokémon,1.5 m (4′11″),31.2 kg (68.8 lbs)
0909,0909,Fire Croc Pokémon,0.4 m (1′04″),9.8 kg (21.6 lbs)
0910,0910,Fire Croc Pokémon,1.0 m (3′03″),30.7 kg (67.7 lbs)
0911,0911,Singer Pokémon,1.6 m (5′03″),326.5 kg (719.8 lbs)
0912,0912,Duckling Pokémon,0.5 m (1′08″),6.1 kg (13.4 lbs)
0913,0913,Practicing Pokémon,1.2 m (3′11″),21.5 kg (47.4 lbs)
0914,0914,Dancer Pokémon,1.8 m (5′11″),61.9 kg (136.5 lbs)
0915,0915,Hog Pokémon,0.5 m (1′08″),10.2 kg (22.5 lbs)
0916,0916,Hog Pokémon,1.0 m (3′03″),120.0 kg (264.6 lbs)
0916,0916,Hog Pokémon,1.0 m (3′03″),120.0 kg (264.6 lbs)
0917,0917,String Ball Pokémon,0.3 m (1′00″),4.0 kg (8.8 lbs)
0918,0918,Trap Pokémon,1.0 m (3′03″),16.5 kg (36.4 lbs)
0919,0919,Grasshopper Pokémon,0.2 m (0′08″),1.0 kg (2.2 lbs)
0920,0920,Grasshopper Pokémon,1.0 m (3′03″),17.5 kg (38.6 lbs)
0921,0921,Mouse Pokémon,0.3 m (1′00″),2.5 kg (5.5 lbs)
0922,0922,Mouse Pokémon,0.4 m (1′04″),6.5 kg (14.3 lbs)
0923,0923,Hands-On Pokémon,0.9 m (2′11″),41.0 kg (90.4 lbs)
0924,0924,Couple Pokémon,0.3 m (1′00″),1.8 kg (4.0 lbs)
0925,0925,Family Pokémon,0.3 m (1′00″),2.8 kg (6.2 lbs)
0925,0925,Family Pokémon,0.3 m (1′00″),2.8 kg (6.2 lbs)
0926,0926,Puppy Pokémon,0.3 m (1′00″),10.9 kg (24.0 lbs)
0927,0927,Dog Pokémon,0.5 m (1′08″),14.9 kg (32.8 lbs)
0928,0928,Olive Pokémon,0.3 m (1′00″),6.5 kg (14.3 lbs)
0929,0929,Olive Pokémon,0.6 m (2′00″),11.9 kg (26.2 lbs)
0930,0930,Olive Pokémon,1.4 m (4′07″),48.2 kg (106.3 lbs)
0931,0931,Parrot Pokémon,0.6 m (2′00″),2.4 kg (5.3 lbs)
0931,0931,Parrot Pokémon,0.6 m (2′00″),2.4 kg (5.3 lbs)
0931,0931,Parrot Pokémon,0.6 m (2′00″),2.4 kg (5.3 lbs)
0931,0931,Parrot Pokémon,0.6 m (2′00″),2.4 kg (5.3 lbs)
0932,0932,Rock Salt Pokémon,0.4 m (1′04″),16.0 kg (35.3 lbs)
0933,0933,Rock Salt Pokémon,0.6 m (2′00″),105.0 kg (231.5 lbs)
0934,0934,Rock Salt Pokémon,2.3 m (7′07″),240.0 kg (529.1 lbs)
0935,0935,Fire Child Pokémon,0.6 m (2′00″),10.5 kg (23.1 lbs)
0936,0936,Fire Warrior Pokémon,1.5 m (4′11″),85.0 kg (187.4 lbs)
0937,0937,Fire Blades Pokémon,1.6 m (5′03″),62.0 kg (136.7 lbs)
0938,0938,EleTadpole Pokémon,0.3 m (1′00″),0.4 kg (0.9 lbs)
0939,0939,EleFrog Pokémon,1.2 m (3′11″),113.0 kg (249.1 lbs)
0940,0940,Storm Petrel Pokémon,0.4 m (1′04″),3.6 kg (7.9 lbs)
0941,0941,Frigatebird Pokémon,1.4 m (4′07″),38.6 kg (85.1 lbs)
0942,0942,Rascal Pokémon,0.5 m (1′08″),16.0 kg (35.3 lbs)
0943,0943,Boss Pokémon,1.1 m (3′07″),61.0 kg (134.5 lbs)
0944,0944,Toxic Mouse Pokémon,0.2 m (0′08″),0.7 kg (1.5 lbs)
0945,0945,Toxic Monkey Pokémon,0.7 m (2′04″),27.2 kg (60.0 lbs)
0946,0946,Tumbleweed Pokémon,0.6 m (2′00″),0.6 kg (1.3 lbs)
0947,0947,Tumbleweed Pokémon,1.2 m (3′11″),6.0 kg (13.2 lbs)
0948,0948,Woodear Pokémon,0.9 m (2′11″),33.0 kg (72.8 lbs)
0949,0949,Woodear Pokémon,1.9 m (6′03″),58.0 kg (127.9 lbs)
0950,0950,Ambush Pokémon,1.3 m (4′03″),79.0 kg (174.2 lbs)
0951,0951,Spicy Pepper Pokémon,0.3 m (1′00″),3.0 kg (6.6 lbs)
0952,0952,Spicy Pepper Pokémon,0.9 m (2′11″),15.0 kg (33.1 lbs)
0953,0953,Rolling Pokémon,0.2 m (0′08″),1.0 kg (2.2 lbs)
0954,0954,Rolling Pokémon,0.3 m (1′00″),3.5 kg (7.7 lbs)
0955,0955,Frill Pokémon,0.2 m (0′08″),1.5 kg (3.3 lbs)
0956,0956,Ostrich Pokémon,1.9 m (6′03″),90.0 kg (198.4 lbs)
0957,0957,Metalsmith Pokémon,0.4 m (1′04″),8.9 kg (19.6 lbs)
0958,0958,Hammer Pokémon,0.7 m (2′04″),59.1 kg (130.3 lbs)
0959,0959,Hammer Pokémon,0.7 m (2′04″),112.8 kg (248.7 lbs)
0960,0960,Garden Eel Pokémon,1.2 m (3′11″),1.8 kg (4.0 lbs)
0961,0961,Garden Eel Pokémon,1.2 m (3′11″),5.4 kg (11.9 lbs)
0962,0962,Item Drop Pokémon,1.5 m (4′11″),42.9 kg (94.6 lbs)
0963,0963,Dolphin Pokémon,1.3 m (4′03″),60.2 kg (132.7 lbs)
0964,0964,Dolphin Pokémon,1.3 m (4′03″),60.2 kg (132.7 lbs)
0964,0964,Dolphin Pokémon,1.3 m (4′03″),60.2 kg (132.7 lbs)
0965,0965,Single-Cyl Pokémon,1.0 m (3′03″),35.0 kg (77.2 lbs)
0966,0966,Multi-Cyl Pokémon,1.8 m (5′11″),120.0 kg (264.6 lbs)
0967,0967,Mount Pokémon,1.6 m (5′03″),63.0 kg (138.9 lbs)
0968,0968,Earthworm Pokémon,2.5 m (8′02″),310.0 kg (683.4 lbs)
0969,0969,Ore Pokémon,0.7 m (2′04″),8.0 kg (17.6 lbs)
0970,0970,Ore Pokémon,1.5 m (4′11″),45.0 kg (99.2 lbs)
0971,0971,Ghost Dog Pokémon,0.6 m (2′00″),35.0 kg (77.2 lbs)
0972,0972,Ghost Dog Pokémon,2.0 m (6′07″),15.0 kg (33.1 lbs)
0973,0973,Synchronize Pokémon,1.6 m (5′03″),37.0 kg (81.6 lbs)
0974,0974,Terra Whale Pokémon,1.2 m (3′11″),45.0 kg (99.2 lbs)
0975,0975,Terra Whale Pokémon,4.5 m (14′09″),700.0 kg (1543.2 lbs)
0976,0976,Jettison Pokémon,2.5 m (8′02″),90.0 kg (198.4 lbs)
0977,0977,Big Catfish Pokémon,12.0 m (39′04″),220.0 kg (485.0 lbs)
0978,0978,Mimicry Pokémon,0.3 m (1′00″),8.0 kg (17.6 lbs)
0978,0978,Mimicry Pokémon,0.3 m (1′00″),8.0 kg (17.6 lbs)
0978,0978,Mimicry Pokémon,0.3 m (1′00″),8.0 kg (17.6 lbs)
0979,0979,Rage Monkey Pokémon,1.2 m (3′11″),56.0 kg (123.5 lbs)
0980,0980,Spiny Fish Pokémon,1.8 m (5′11″),223.0 kg (491.6 lbs)
0981,0981,Long Neck Pokémon,3.2 m (10′06″),160.0 kg (352.7 lbs)
0982,0982,Land Snake Pokémon,3.6 m (11′10″),39.2 kg (86.4 lbs)
0982,0982,Land Snake Pokémon,3.6 m (11′10″),39.2 kg (86.4 lbs)
0983,0983,Big Blade Pokémon,2.0 m (6′07″),120.0 kg (264.6 lbs)
0984,0984,Paradox Pokémon,2.2 m (7′03″),320.0 kg (705.5 lbs)
0985,0985,Paradox Pokémon,1.2 m (3′11″),8.0 kg (17.6 lbs)
0986,0986,Paradox Pokémon,1.2 m (3′11″),21.0 kg (46.3 lbs)
0987,0987,Paradox Pokémon,1.4 m (4′07″),4.0 kg (8.8 lbs)
0988,0988,Paradox Pokémon,3.2 m (10′06″),92.0 kg (202.8 lbs)
0989,0989,Paradox Pokémon,2.3 m (7′07″),60.0 kg (132.3 lbs)
0990,0990,Paradox Pokémon,0.9 m (2′11″),240.0 kg (529.1 lbs)
0991,0991,Paradox Pokémon,0.6 m (2′00″),11.0 kg (24.3 lbs)
0992,0992,Paradox Pokémon,1.8 m (5′11″),380.7 kg (839.3 lbs)
0993,0993,Paradox Pokémon,1.3 m (4′03″),111.0 kg (244.7 lbs)
0994,0994,Paradox Pokémon,1.2 m (3′11″),36.0 kg (79.4 lbs)
0995,0995,Paradox Pokémon,1.6 m (5′03″),303.0 kg (668.0 lbs)
0996,0996,Ice Fin Pokémon,0.5 m (1′08″),17.0 kg (37.5 lbs)
0997,0997,Ice Fin Pokémon,0.8 m (2′07″),30.0 kg (66.1 lbs)
0998,0998,Ice Dragon Pokémon,2.1 m (6′11″),210.0 kg (463.0 lbs)
0999,0999,Coin Chest Pokémon,0.3 m (1′00″),5.0 kg (11.0 lbs)
0999,0999,Coin Chest Pokémon,0.3 m (1′00″),5.0 kg (11.0 lbs)
1000,1000,Coin Entity Pokémon,1.2 m (3′11″),30.0 kg (66.1 lbs)
1001,1001,Ruinous Pokémon,1.5 m (4′11″),74.2 kg (163.6 lbs)
1002,1002,Ruinous Pokémon,1.9 m (6′03″),152.2 kg (335.5 lbs)
1003,1003,Ruinous Pokémon,2.7 m (8′10″),699.7 kg (1542.6 lbs)
1004,1004,Ruinous Pokémon,0.4 m (1′04″),4.9 kg (10.8 lbs)
1005,1005,Paradox Pokémon,2.0 m (6′07″),380.0 kg (837.8 lbs)
1006,1006,Paradox Pokémon,1.4 m (4′07″),35.0 kg (77.2 lbs)
1007,1007,Paradox Pokémon,2.5 m (8′02″),303.0 kg (668.0 lbs)
1008,1008,Paradox Pokémon,3.5 m (11′06″),240.0 kg (529.1 lbs)
1009,1009,Paradox Pokémon,3.5 m (11′06″),280.0 kg (617.3 lbs)
1010,1010,Paradox Pokémon,1.5 m (4′11″),125.0 kg (275.6 lbs)
1011,1011,Candy Apple Pokémon,0.4 m (1′04″),4.4 kg (9.7 lbs)
1012,1012,Matcha Pokémon,0.1 m (0′04″),1.1 kg (2.4 lbs)
1013,1013,Matcha Pokémon,0.2 m (0′08″),2.2 kg (4.9 lbs)
1014,1014,Retainer Pokémon,1.8 m (5′11″),92.0 kg (202.8 lbs)
1015,1015,Retainer Pokémon,1.0 m (3′03″),12.2 kg (26.9 lbs)
1016,1016,Retainer Pokémon,1.4 m (4′07″),30.1 kg (66.4 lbs)
1017,1017,Mask Pokémon,1.2 m (3′11″),39.8 kg (87.7 lbs)
1017,1017,Mask Pokémon,1.2 m (3′11″),39.8 kg (87.7 lbs)
1017,1017,Mask Pokémon,1.2 m (3′11″),39.8 kg (87.7 lbs)
1017,1017,Mask Pokémon,1.2 m (3′11″),39.8 kg (87.7 lbs)
1018,1018,Alloy Pokémon,2.0 m (6′07″),60.0 kg (132.3 lbs)
1019,1019,—,1.8 m (5′11″),93.0 kg (205.0 lbs)
1020,1020,Paradox Pokémon,3.5 m (11′06″),590.0 kg (1300.7 lbs)
1021,1021,Paradox Pokémon,5.2 m (17′01″),480.0 kg (1058.2 lbs)
1022,1022,Paradox Pokémon,1.5 m (4′11″),162.5 kg (358.3 lbs)
1023,1023,Paradox Pokémon,1.6 m (5′03″),156.0 kg (343.9 lbs)
1024,1024,Tera Pokémon,0.2 m (0′08″),6.5 kg (14.3 lbs)
1024,1024,Tera Pokémon,0.2 m (0′08″),6.5 kg (14.3 lbs)
1024,1024,Tera Pokémon,0.2 m (0′08″),6.5 kg (14.3 lbs)
1025,1025,Subjugation Pokémon,0.3 m (1′00″),0.3 kg (0.7 lbs)
